objectname,objectid,rating,numplays,weight,own,fortrade,want,wanttobuy,wanttoplay,prevowned,preordered,wishlist,wishlistpriority,wishlistcomment,comment,conditiontext,haspartslist,wantpartslist,collid,baverage,average,avgweight,rank,numowned,objecttype,originalname,minplayers,maxplayers,playingtime,maxplaytime,minplaytime,yearpublished,bggrecplayers,bggbestplayers,bggrecagerange,bgglanguagedependence,publisherid,imageid,year,language,other,itemtype,barcode,pricepaid,pp_currency,currvalue,cv_currency,acquisitiondate,acquiredfrom,quantity,privatecomment,invlocation,invdate,version_publishers,version_languages,version_yearpublished,version_nickname
"1066, Tears to Many Mothers: The Battle of Hastings","155122","0","0","0","1","0","0","0","0","0","0","0","3","","","","","","149973163","5.88464","6.99016","2.2963","4059","2123","thing","1066, Tears to Many Mothers: The Battle of Hastings","1","2","60","60","30","2014","1,2","2","12+","Extensive use of text - massive conversion needed to be playable","","","","","","standalone","","","","","","","","","","","","","","",""
"1212 Las Navas de Tolosa","347600","0","0","0","1","0","0","0","0","0","0","0","3","","","","","","149973138","5.59111","7.2447","2.0667","10048","477","thing","1212 Las Navas de Tolosa","2","2","45","45","45","2022","2","2","12+","Some necessary text - easily memorized or small crib sheet","","","","","","standalone","","","","","","","","","","","","","","",""
"1815, Scum of the Earth: Give Me Night","337227","0","0","0","1","0","0","0","0","0","0","0","3","","","","","","149973150","0","7.5625","2","0","262","thing","1815, Scum of the Earth: Give Me Night","1","4","60","60","30","2022","1,2,3","1,2,3","16+","Extensive use of text - massive conversion needed to be playable","","","","","","expansion","","","","","","","","","","","","","","",""
"1815, Scum of the Earth: HEBS Weather Deck","368734","0","0","0","1","0","0","0","0","0","0","0","3","","","","","","149973067","0","7","0","0","262","thing","1815, Scum of the Earth: HEBS Weather Deck","1","4","60","60","30","2022","","","","","","","","","","expansion","","","","","","","","","","","","","","",""
"1815, Scum of the Earth: The Battle of Waterloo Card Game","312748","0","0","0","1","0","0","0","0","0","0","0","3","","","","","","114537263","5.6458","7.27793","2.3333","7733","803","thing","1815, Scum of the Earth: The Battle of Waterloo Card Game","1","2","60","60","30","2022","1,2","1,2","16+","Extensive use of text - massive conversion needed to be playable","","","","","","standalone","","","","","","","","","","","","","","",""
"20 Strong","373167","0","0","0","1","0","0","0","0","0","0","0","3","","","","","","149973164","6.50486","7.32085","2.3878","1334","9247","thing","20 Strong","1","1","40","40","30","2023","1","1","12+","Extensive use of text - massive conversion needed to be playable","","","","","","standalone","","","","","","","","","","","","","","",""
"20 Strong: Cloudspire","430683","0","0","0","1","0","0","0","0","0","0","0","3","","","","","","149973249","5.63102","8.01879","2.5","0","1539","thing","20 Strong: Cloudspire","1","1","40","40","30","2026","1","1","12","","","","","","","expansion","","","","","","","","","","","","","","",""
"20 Strong: Hoplomachus Victorum","373169","0","0","0","1","0","0","0","0","0","0","0","3","","","","","","149973243","5.89216","7.62908","2.8","0","5065","thing","20 Strong: Hoplomachus Victorum","1","1","40","40","30","2023","1","1","14+","Extensive use of text - massive conversion needed to be playable","","","","","","expansion","","","","","","","","","","","","","","",""
"20 Strong: Solar Sentinels","472084","0","0","0","1","0","0","0","0","0","0","0","3","","","","","","149973266","0","7.40909","4","0","73","thing","20 Strong: Solar Sentinels","1","1","45","45","30","2023","","","","","","","","","","expansion","","","","","","","","","","","","","","",""
"7 Wonders Duel","173346","0","0","0","1","0","0","0","0","0","0","0","3","","","","","","114537586","7.94915","8.0742","2.227","24","187656","thing","7 Wonders Duel","2","2","30","30","30","2015","2","2","10+","No necessary in-game text","","","","","","standalone","","","","","","","","","","","","","","",""
"7 Wonders Duel: Agora","309116","0","0","0","1","0","0","0","0","0","0","0","3","","","","","","114578357","7.26548","8.05353","2.8613","0","24613","thing","7 Wonders Duel: Agora","2","2","30","30","30","2020","2","2","12+","No necessary in-game text","","","","","","expansion","","","","","","","","","","","","","","",""
"7 Wonders Duel: Pantheon","202976","0","0","0","1","0","0","0","0","0","0","0","3","","","","","","114578336","7.62328","7.99477","2.309","0","52034","thing","7 Wonders Duel: Pantheon","2","2","30","30","30","2016","2","2","10+","No necessary in-game text","","","","","","expansion","","","","","","","","","","","","","","",""
"The 7th Continent","180263","0","0","0","1","0","0","0","0","0","0","0","3","","","","","","114536939","7.40693","7.71838","2.8986","172","38943","thing","The 7th Continent","1","4","1000","1000","5","2017","1,2","1,2","12+","Extensive use of text - massive conversion needed to be playable","","","","","","standalone","","","","","","","","","","","","","","",""
"Aeon's End","191189","0","0","0","1","0","0","0","0","0","0","0","3","","","","","","114536060","7.57727","7.85993","2.8003","109","35375","thing","Aeon's End","1","4","60","60","60","2016","1,2,3,4","2","12+","Extensive use of text - massive conversion needed to be playable","","","","","","standalone","","","","","","","","","","","","","","",""
"Aeon's End: Buried Secrets","246805","0","0","0","1","0","0","0","0","0","0","0","3","","","","","","114578451","6.06274","8.28526","2.8889","0","4829","thing","Aeon's End: Buried Secrets","1","4","60","60","60","2019","1,2,3,4","2","12+","","","","","","","expansion","","","","","","","","","","","","","","",""
"Aeon's End: Into the Wild","274927","0","0","0","1","0","0","0","0","0","0","0","3","","","","","","114578486","6.03268","8.51656","3","0","3883","thing","Aeon's End: Into the Wild","1","4","60","60","60","2019","1,2,3,4","1,2","12+","Moderate in-game text - needs crib sheet or paste ups","","","","","","expansion","","","","","","","","","","","","","","",""
"Aeon's End: Legacy","241451","0","0","0","1","0","0","0","0","0","0","0","3","","","","","","114578316","7.26289","8.02568","2.8727","260","11738","thing","Aeon's End: Legacy","1","4","90","90","45","2019","1,2,3,4","2","10+","Unplayable in another language","","","","","","standalone","","","","","","","","","","","","","","",""
"Aeon's End: Legacy of Gravehold","331212","0","0","0","1","0","0","0","0","0","0","0","3","","","","","","114578377","6.166","8.02696","3.3846","2387","3237","thing","Aeon's End: Legacy of Gravehold","1","4","60","60","60","2021","1,2,3,4","2","12+","Extensive use of text - massive conversion needed to be playable","","","","","","standalone","","","","","","","","","","","","","","",""
"Aeon's End: Legacy of Gravehold – The Ruins","334594","0","0","0","1","0","0","0","0","0","0","0","3","","","","","","114578575","5.63928","8.27481","0","0","1748","thing","Aeon's End: Legacy of Gravehold – The Ruins","1","4","0","0","0","2021","","","","","","","","","","expansion","","","","","","","","","","","","","","",""
"Aeon's End: Outcasts","299317","0","0","0","1","0","0","0","0","0","0","0","3","","","","","","114578367","6.51906","8.48081","3","1301","4475","thing","Aeon's End: Outcasts","1","4","60","60","60","2020","1,2,3,4","2","10+","Extensive use of text - massive conversion needed to be playable","","","","","","standalone","","","","","","","","","","","","","","",""
"Aeon's End: Past and Future","364426","0","0","0","1","0","0","0","0","0","0","0","3","","","","","","114578514","5.72564","8.44818","3.3333","0","1653","thing","Aeon's End: Past and Future","1","4","60","60","60","2023","1,2,3,4","2","","Extensive use of text - massive conversion needed to be playable","","","","","","expansion","","","","","","","","","","","","","","",""
"Aeon's End: Return to Gravehold","318951","0","0","0","1","0","0","0","0","0","0","0","3","","","","","","114578525","5.82546","8.52458","3","0","2486","thing","Aeon's End: Return to Gravehold","1","4","60","60","60","2020","1,2,3,4","2","12+","","","","","","","expansion","","","","","","","","","","","","","","",""
"Aeon's End: Shattered Dreams","274930","0","0","0","1","0","0","0","0","0","0","0","3","","","","","","114578505","5.95149","8.41509","2.75","0","3672","thing","Aeon's End: Shattered Dreams","1","4","60","60","60","2019","1,2,3,4","2","12+","","","","","","","expansion","","","","","","","","","","","","","","",""
"Aeon's End: Southern Village","318952","0","0","0","1","0","0","0","0","0","0","0","3","","","","","","114578539","5.78314","8.48615","2.5","0","2382","thing","Aeon's End: Southern Village","1","4","60","60","60","2020","1,2,3,4","2","12+","","","","","","","expansion","","","","","","","","","","","","","","",""
"Aeon's End: The Ancients","274922","0","0","0","1","0","0","0","0","0","0","0","3","","","","","","114578464","5.99874","8.59578","3","0","3779","thing","Aeon's End: The Ancients","1","4","60","60","60","2019","1,2,3,4","2","12+","","","","","","","expansion","","","","","","","","","","","","","","",""
"Aeon's End: The Depths","196421","0","0","0","1","0","0","0","0","0","0","0","3","","","","","","114578397","6.61845","8.28833","2.76","0","9473","thing","Aeon's End: The Depths","1","4","60","60","30","2016","1,2,3,4","2","12+","Unplayable in another language","","","","","","expansion","","","","","","","","","","","","","","",""
"Aeon's End: The Nameless","212139","0","0","0","1","0","0","0","0","0","0","0","3","","","","","","114578415","6.64224","8.34165","2.8462","0","9491","thing","Aeon's End: The Nameless","1","4","60","60","60","2017","1,2,3,4","2","12+","Unplayable in another language","","","","","","expansion","","","","","","","","","","","","","","",""
"Aeon's End: The New Age","270633","0","0","0","1","0","0","0","0","0","0","0","3","","","","","","114578342","7.20594","8.46829","2.963","304","8982","thing","Aeon's End: The New Age","1","4","60","60","60","2019","1,2,3,4","2","12+","Moderate in-game text - needs crib sheet or paste ups","","","","","","standalone","","","","","","","","","","","","","","",""
"Aeon's End: The Outer Dark","228552","0","0","0","1","0","0","0","0","0","0","0","3","","","","","","114578441","6.49381","8.42963","3.0667","0","7611","thing","Aeon's End: The Outer Dark","1","4","60","60","60","2017","1,2,3,4","1,2","10+","","","","","","","expansion","","","","","","","","","","","","","","",""
"Aeon's End: The Void","223914","0","0","0","1","0","0","0","0","0","0","0","3","","","","","","114578426","6.48875","8.41632","2.9231","0","7722","thing","Aeon's End: The Void","1","4","60","0","60","2017","1,2,3,4","2","10+","Extensive use of text - massive conversion needed to be playable","","","","","","expansion","","","","","","","","","","","","","","",""
"Aeon's End: War Eternal","218417","0","0","0","1","0","0","0","0","0","0","0","3","","","","","","114578324","7.45832","8.22263","2.9261","152","15138","thing","Aeon's End: War Eternal","1","4","60","60","60","2017","1,2,3,4","2","10+","Extensive use of text - massive conversion needed to be playable","","","","","","standalone","","","","","","","","","","","","","","",""
"After the Virus","232361","0","0","0","1","0","0","0","0","0","0","0","3","","","","","","114535473","6.38077","7.29841","2.3049","1661","5331","thing","After the Virus","1","3","90","90","30","2017","1,2","1","10+","Extensive use of text - massive conversion needed to be playable","","","","","","standalone","","","","","","","","","","","","","","",""
"After the Virus: The Long Cold","371562","0","0","0","1","0","0","0","0","0","0","0","3","","","","","","114578349","5.6641","7.612","2.6667","0","1581","thing","After the Virus: The Long Cold","1","3","60","60","20","2022","1,2","1","10+","","","","","","","expansion","","","","","","","","","","","","","","",""
"Agamemnon","193693","0","0","0","1","0","0","0","0","0","0","0","3","","","","","","149973083","5.6572","6.66322","2.1667","7408","819","thing","Agamemnon","2","2","30","30","20","2016","2","2","","No necessary in-game text","","","","","","standalone","","","","","","","","","","","","","","",""
"Age of Civilization","264647","0","0","0","1","0","0","0","0","0","0","0","3","","","","","","149973168","6.33896","7.02157","2.3039","1765","6438","thing","Age of Civilization","1","4","60","60","30","2019","1,2,3,4","3","10+","Moderate in-game text - needs crib sheet or paste ups","","","","","","standalone","","","","","","","","","","","","","","",""
"Age of Galaxy","330950","0","0","0","1","0","0","0","0","0","0","0","3","","","","","","118398987","6.36149","7.53163","3.096","1703","4923","thing","Age of Galaxy","1","4","60","60","45","2022","1,2,3,4","3","12+","Moderate in-game text - needs crib sheet or paste ups","","","","","","standalone","","","","","","","","","","","","Ice Makes","English","2022","English edition"
"Agricola, Master of Britain","206805","0","0","0","1","0","0","0","0","0","0","0","3","","","","","","149973172","5.70893","7.05799","2.5556","6219","875","thing","Agricola, Master of Britain","1","1","90","90","60","2016","1","1","16+","Moderate in-game text - needs crib sheet or paste ups","","","","","","standalone","","","","","","","","","","","","","","",""
"Air, Land, & Sea","247367","0","0","0","1","0","0","0","0","0","0","0","3","","","","","","118881871","7.06974","7.43577","1.7389","425","21731","thing","Air, Land, & Sea","2","2","20","20","20","2019","2","2","8+","Some necessary text - easily memorized or small crib sheet","","","","","","standalone","","","","","","","","","","","","","","",""
"Air, Land, & Sea: Spies, Lies, & Supplies","358981","0","0","0","1","0","0","0","0","0","0","0","3","","","","","","118881869","6.42123","7.71822","1.7838","1545","5674","thing","Air, Land, & Sea: Spies, Lies, & Supplies","2","2","30","30","15","2022","2","2","10+","Extensive use of text - massive conversion needed to be playable","","","","","","standalone","","","","","","","","","","","","","","",""
"Arboretum","140934","0","0","0","1","0","0","0","0","0","0","0","3","","","","","","114536645","7.0567","7.24011","2.1132","443","43719","thing","Arboretum","2","4","30","30","30","2015","2,3,4","2","10+","No necessary in-game text","","","","","","standalone","","","","","","","","","","","","","","",""
"Arkham Horror: The Card Game","205637","0","0","0","1","0","0","0","0","0","0","0","3","","","","","","149973147","7.88845","8.11639","3.5685","33","84213","thing","Arkham Horror: The Card Game","1","2","120","120","60","2016","1,2","2","14+","Extensive use of text - massive conversion needed to be playable","","","","","","standalone","","","","","","","","","","","","Fantasy Flight Games","English","2016","English edition"
"Arkham Horror: The Card Game – The Dunwich Legacy: Campaign Expansion","347149","0","0","0","1","0","0","0","0","0","0","0","3","","","","","","149973045","6.52057","8.52194","3.6296","0","7932","thing","Arkham Horror: The Card Game – The Dunwich Legacy: Campaign Expansion","1","4","120","120","60","2022","1,2,3,4","2","14+","Unplayable in another language","","","","","","expansion","","","","","","","","","","","","Fantasy Flight Games","English","2022","English edition"
"Arkham Horror: The Card Game – The Dunwich Legacy: Investigator Expansion","347148","0","0","0","1","0","0","0","0","0","0","0","3","","","","","","149973047","6.29231","8.68544","3.6923","0","6750","thing","Arkham Horror: The Card Game – The Dunwich Legacy: Investigator Expansion","1","4","120","120","60","2022","1,2,4","2","12+","Unplayable in another language","","","","","","expansion","","","","","","","","","","","","","","",""
"Arkham Horror: The Card Game – The Path to Carcosa: Campaign Expansion","358212","0","0","0","1","0","0","0","0","0","0","0","3","","","","","","149973141","6.45487","8.9565","3.6471","0","6589","thing","Arkham Horror: The Card Game – The Path to Carcosa: Campaign Expansion","1","4","180","180","45","2022","1,2,3,4","2,3","12+","Unplayable in another language","","","","","","expansion","","","","","","","","","","","","","","",""
"Arkham Horror: The Card Game – The Path to Carcosa: Investigator Expansion","358213","0","0","0","1","0","0","0","0","0","0","0","3","","","","","","149973139","6.12287","8.80707","3.8333","0","5442","thing","Arkham Horror: The Card Game – The Path to Carcosa: Investigator Expansion","1","4","0","0","0","2022","1,2,3,4","2","12+","Unplayable in another language","","","","","","expansion","","","","","","","","","","","","","","",""
"Ascension: Eternal","308755","0","0","0","1","0","0","0","0","0","0","0","3","","","","","","114578768","5.69494","7.61353","2.1429","6517","685","thing","Ascension: Eternal","1","2","40","40","30","2020","1,2","2","12","Moderate in-game text - needs crib sheet or paste ups","","","","","","standalone","","","","","","","","","","","","","","",""
"Ascension: Gift of the Elements","215616","0","0","0","1","0","0","0","0","0","0","0","3","","","","","","114578747","5.85117","7.54408","2.125","4336","1193","thing","Ascension: Gift of the Elements","1","4","60","60","30","2017","1,2,3,4","2","8+","Moderate in-game text - needs crib sheet or paste ups","","","","","","standalone","","","","","","","","","","","","","","",""
"Ashes Reborn: Red Rains – The Blight of Neverset","400289","0","0","0","1","0","0","0","0","0","0","0","3","","","","","","149973161","5.59023","8.55065","2.6667","0","758","thing","Ashes Reborn: Red Rains – The Blight of Neverset","1","2","60","60","30","2024","1,2","1","","","","","","","","expansion","","","","","","","","","","","","","","",""
"Ashes Reborn: Red Rains – The Corpse of Viros","375374","0","0","0","1","0","0","0","0","0","0","0","3","","","","","","114535570","5.80144","8.45654","3.1111","0","1441","thing","Ashes Reborn: Red Rains – The Corpse of Viros","1","2","60","60","30","2023","1,2","1","12+","Extensive use of text - massive conversion needed to be playable","","","","","","expansion","","","","","","","","","","","","","","",""
"Ashes Reborn: Red Rains – The Flood of Moon Cove","431716","0","0","0","1","0","0","0","0","0","0","0","3","","","","","","149973069","5.53795","8.66215","2.3333","0","516","thing","Ashes Reborn: Red Rains – The Flood of Moon Cove","1","2","60","60","30","2025","1,2","1","","","","","","","","expansion","","","","","","","","","","","","","","",""
"Ashes Reborn: Red Rains – The Siege of Lordswall","413918","0","0","0","1","0","0","0","0","0","0","0","3","","","","","","149973098","5.57941","8.54776","2.3333","0","686","thing","Ashes Reborn: Red Rains – The Siege of Lordswall","1","2","60","60","30","2024","1,2","1","","","","","","","","expansion","","","","","","","","","","","","","","",""
"Ashes Reborn: Red Rains – The Spawn of Shadowreck","423909","0","0","0","1","0","0","0","0","0","0","0","3","","","","","","149973151","5.55998","8.78125","2.5","0","604","thing","Ashes Reborn: Red Rains – The Spawn of Shadowreck","1","2","60","60","30","2024","1,2","1","12+","","","","","","","expansion","","","","","","","","","","","","","","",""
"Ashes Reborn: Red Rains – The Spawn of Shadowreck","423909","0","0","0","1","0","0","0","0","0","0","0","3","","","","","","149973176","5.55998","8.78125","2.5","0","604","thing","Ashes Reborn: Red Rains – The Spawn of Shadowreck","1","2","60","60","30","2024","1,2","1","12+","","","","","","","expansion","","","","","","","","","","","","","","",""
"Ashes Reborn: Rise of the Phoenixborn","167400","0","0","0","1","0","0","0","0","0","0","0","3","","","","","","114578792","6.72944","7.30169","2.9104","871","12249","thing","Ashes Reborn: Rise of the Phoenixborn","2","4","120","120","30","2015","2","2","12+","Extensive use of text - massive conversion needed to be playable","","","","","","standalone","","","","","","","","","","","","","","",""
"Azul","230802","0","0","0","1","0","0","0","0","0","0","0","3","","","","","","114537293","7.6024","7.71132","1.7733","99","189256","thing","Azul","2","4","45","45","30","2017","2,3,4","2","8+","No necessary in-game text","","","","","","standalone","","","","","","","","","","","","","","",""
"Baseball Highlights: 2045","151022","0","0","0","1","0","0","0","0","0","0","0","3","","","","","","114536098","6.83396","7.50938","2.2071","723","6139","thing","Baseball Highlights: 2045","1","4","45","45","45","2015","1,2,4","2","8+","Moderate in-game text - needs crib sheet or paste ups","","","","","","standalone","","","","","","","","","","","","","","",""
"Battle Line: Medieval","297985","0","0","0","1","0","0","0","0","0","0","0","3","","","","","","118771906","6.48354","7.60176","1.8246","1390","3941","thing","Battle Line: Medieval","2","2","30","30","30","2017","2","2","10+","Some necessary text - easily memorized or small crib sheet","","","","","","standalone","","","","","","","","","","","","","","",""
"Blitz Bowl: Ultimate Edition","359065","0","0","0","1","0","0","0","0","0","0","0","3","","","","","","114537999","5.80019","8.23351","2.4167","4858","908","thing","Blitz Bowl: Ultimate Edition","2","2","45","45","30","2022","2","2","10+","Moderate in-game text - needs crib sheet or paste ups","","","","","","standalone","","","","","","","","","","","","","","",""
"Blood Bowl: Team Manager – The Card Game","90137","0","0","0","1","0","0","0","0","0","0","0","3","","","","","","114535764","7.04796","7.40294","2.3465","456","15593","thing","Blood Bowl: Team Manager – The Card Game","2","4","120","120","60","2011","2,3,4","4","12+","Extensive use of text - massive conversion needed to be playable","","","","","","standalone","","","","","","","","","","","","","","",""
"Blood Bowl: Team Manager – The Card Game: Sudden Death","129721","0","0","0","1","0","0","0","0","0","0","0","3","","","","","","114578849","6.57036","7.84436","2.3617","0","5996","thing","Blood Bowl: Team Manager – The Card Game: Sudden Death","2","4","90","90","90","2013","2,3,4","4","12+","Moderate in-game text - needs crib sheet or paste ups","","","","","","expansion","","","","","","","","","","","","","","",""
"Bomber Boys","310363","0","0","0","1","0","0","0","0","0","0","0","3","","","","","","114535667","5.63387","7.76405","2","8113","399","thing","Bomber Boys","1","1","30","30","15","2020","1","1","16–12","Moderate in-game text - needs crib sheet or paste ups","","","","","","standalone","","","","","","","","","","","","","","",""
"The Brass Age","351766","0","0","0","1","0","0","0","0","0","0","0","3","","","","","","114536261","5.53033","8.13529","1.6","16845","64","thing","The Brass Age","1","1","60","60","45","2021","1","1","16+","Extensive use of text - massive conversion needed to be playable","","","","","","standalone","","","","","","","","","","","","","","",""
"Carcassonne","822","0","0","0","1","0","0","0","0","0","0","0","3","","","","","","114537917","7.29871","7.4165","1.8838","241","227429","thing","Carcassonne","2","5","45","45","30","2000","2,3,4,5","2","8+","No necessary in-game text","","","","","","standalone","","","","","","","","","","","","","","",""
"Cards Against Humanity","50381","0","0","0","1","0","0","0","0","0","0","0","3","","","","","","114537667","5.5248","5.69462","1.1704","18268","57388","thing","Cards Against Humanity","4","30","30","30","30","2009","4,5,6,7,8,9,10","6,7,8","16+","Extensive use of text - massive conversion needed to be playable","","","","","","standalone","","","","","","","","","","","","","","",""
"Cartographers","263918","0","0","0","1","0","0","0","0","0","0","0","3","","","","","","114537767","7.38509","7.54777","1.893","186","63848","thing","Cartographers","1","100","45","45","30","2019","1,2,3,4,5,6,7,8","3,4","8+","Some necessary text - easily memorized or small crib sheet","","","","","","standalone","","","","","","","","","","","","","","",""
"Cartographers Heroes","315767","0","0","0","1","0","0","0","0","0","0","0","3","","","","","","114578356","7.04611","7.69293","1.9823","460","16994","thing","Cartographers Heroes","1","100","45","45","30","2021","1,2,3,4,5,6,7,8,9,10","3,4","10+","Some necessary text - easily memorized or small crib sheet","","","","","","standalone","","","","","","","","","","","","","","",""
"The Castles of Burgundy: The Card Game","191977","0","0","0","1","0","0","0","0","0","0","0","3","","","","","","114536467","6.56798","6.93881","2.5872","1179","13876","thing","The Castles of Burgundy: The Card Game","1","4","60","60","30","2016","1,2,3,4","2","10+","No necessary in-game text","","","","","","standalone","","","","","","","","","","","","","","",""
"Cave Troll","4491","0","0","0","1","0","0","0","0","0","0","0","3","","","","","","114536597","6.04299","6.41011","1.979","2989","6360","thing","Cave Troll","2","4","60","60","20","2002","2,3,4","4","8+","Some necessary text - easily memorized or small crib sheet","","","","","","standalone","","","","","","","","","","","","","","",""
"Century: Golem Edition","232832","0","0","0","1","0","0","0","0","0","0","0","3","","","","","","114538048","7.23114","7.57494","1.7153","279","22177","thing","Century: Golem Edition","2","5","45","45","30","2017","2,3,4,5","3,4","8+","No necessary in-game text","","","","","","standalone","","","","","","","","","","","","","","",""
"Chaos in the Old World","43111","0","0","0","1","0","0","0","0","0","0","0","3","","","","","","114536762","7.33444","7.65916","3.1941","222","16587","thing","Chaos in the Old World","3","4","120","120","60","2009","3,4","4","14+","Extensive use of text - massive conversion needed to be playable","","","","","","standalone","","","","","","","","","","","","","","",""
"Chaos in the Old World: The Horned Rat Expansion","95619","0","0","0","1","0","0","0","0","0","0","0","3","","","","","","114578330","6.80659","8.0414","3.25","0","6434","thing","Chaos in the Old World: The Horned Rat Expansion","3","5","90","90","90","2011","4,5","5","12+","Extensive use of text - massive conversion needed to be playable","","","","","","expansion","","","","","","","","","","","","","","",""
"Chess","171","0","0","0","1","0","0","0","0","0","0","0","3","","","","","","115758491","7.04264","7.24349","3.6418","463","62215","thing","Chess","2","2","0","0","0","1475","2","2","6+","No necessary in-game text","","","","","","standalone","","","","","","","","","","","","","","",""
"Chronicles of Frost","230265","0","0","0","1","0","0","0","0","0","0","0","3","","","","","","114536322","5.68652","7.06866","2.25","6696","797","thing","Chronicles of Frost","1","4","80","80","60","2018","1,2,3","1,2","","Some necessary text - easily memorized or small crib sheet","","","","","","standalone","","","","","","","","","","","","","","",""
"Chronicles of Frost: All That Burns","248389","0","0","0","1","0","0","0","0","0","0","0","3","","","","","","114578344","5.52969","6.99423","3","0","375","thing","Chronicles of Frost: All That Burns","1","4","60","60","60","2018","1,2,3,4","1","","","","","","","","expansion","","","","","","","","","","","","","","",""
"Clank!: Adventuring Party","308918","0","0","0","1","0","0","0","0","0","0","0","3","","","","","","149973091","6.73503","8.17501","2.3226","0","9454","thing","Clank!: Adventuring Party","2","6","120","120","60","2020","2,3,4,5","3,4","10+","Moderate in-game text - needs crib sheet or paste ups","","","","","","expansion","","","","","","","","","","","","","","",""
"Clank!: Catacombs","365717","0","0","0","1","0","0","0","0","0","0","0","3","","","","","","149973077","7.79325","8.22715","2.5","48","27037","thing","Clank!: Catacombs","2","4","90","90","45","2022","2,3,4","3","10+","Moderate in-game text - needs crib sheet or paste ups","","","","","","standalone","","","","","","","","","","","","","","",""
"Commands & Colors: Ancients","14105","0","0","0","1","0","0","0","0","0","0","0","3","","","","","","114537823","7.26615","7.77304","2.6868","257","12658","thing","Commands & Colors: Ancients","2","2","60","60","60","2006","2","2","12+","Moderate in-game text - needs crib sheet or paste ups","","","","","","standalone","","","","","","","","","","","","","","",""
"The Cousins' War (Second Edition)","262818","0","0","0","1","0","0","0","0","0","0","0","3","","","","","","149973087","5.73864","7.11026","2.1176","5706","1043","thing","The Cousins' War (Second Edition)","2","2","30","30","30","2018","2","2","12+","Extensive use of text - massive conversion needed to be playable","","","","","","standalone","","","","","","","","","","","","","","",""
"Crystallo","269618","0","0","0","1","0","0","0","0","0","0","0","3","","","","","","114538290","5.89808","6.88167","1.6522","3944","2958","thing","Crystallo","1","1","30","30","20","2018","1","1","10+","No necessary in-game text","","","","","","standalone","","","","","","","","","","","","","","",""
"Cuba Libre","111799","0","0","0","1","0","0","0","0","0","0","0","3","","","","","","149973093","6.8106","7.64134","3.6123","752","7899","thing","Cuba Libre","1","4","180","180","180","2013","1,2,3,4","4","16+","Extensive use of text - massive conversion needed to be playable","","","","","","standalone","","","","","","","","","","","","","","",""
"Dawn of the Zeds (Third Edition)","175095","0","0","0","1","0","0","0","0","0","0","0","3","","","","","","114536030","6.93416","8.13926","3.7978","591","7203","thing","Dawn of the Zeds (Third Edition)","1","5","120","120","90","2016","1,2","1","14+","Extensive use of text - massive conversion needed to be playable","","","","","","standalone","","","","","","","","","","","","","","",""
"Deckers","443306","0","0","0","1","0","0","0","0","0","0","0","3","","","","","","149973166","6.27924","8.06549","3.7553","1972","3863","thing","Deckers","1","4","90","90","60","2025","1,2,3","1,2","12+","Moderate in-game text - needs crib sheet or paste ups","","","","","","standalone","","","","","","","","","","","","","","",""
"Decktet","37301","0","0","0","1","0","0","0","0","0","0","0","3","","","","","","114537497","5.85273","7.43392","1.9688","4320","1588","thing","Decktet","0","0","30","30","30","2008","","","6+","No necessary in-game text","","","","","","standalone","","","","","","","","","","","","","","",""
"Deckula!","343745","0","0","0","1","0","0","0","0","0","0","0","3","","","","","","114538329","5.62626","7.26551","1.4444","8370","543","thing","Deckula!","1","1","10","10","5","2021","1","1","12+","Extensive use of text - massive conversion needed to be playable","","","","","","standalone","","","","","","","","","","","","","","",""
"Deep Sea Adventure","169654","0","0","0","1","0","0","0","0","0","0","0","3","","","","","","114537714","6.68288","6.85866","1.1857","949","37922","thing","Deep Sea Adventure","2","6","30","30","30","2014","3,4,5,6","4","8+","No necessary in-game text","","","","","","standalone","","","","","","","","","","","","","","",""
"Deep Space D-6","183571","0","0","0","1","0","0","0","0","0","0","0","3","","","","","","114538433","6.45276","7.13379","1.6639","1458","7944","thing","Deep Space D-6","1","1","30","30","30","2015","1","1","8+","Some necessary text - easily memorized or small crib sheet","","","","","","standalone","","","","","","","","","","","","","","",""
"Descent: Journeys in the Dark (Second Edition)","104162","0","0","0","1","0","0","0","0","0","0","0","3","","","","","","114537393","7.31279","7.60034","3.2169","233","41660","thing","Descent: Journeys in the Dark (Second Edition)","1","5","120","120","120","2012","2,3,4,5","5","12+","Extensive use of text - massive conversion needed to be playable","","","","","","standalone","","","","","","","","","","","","","","",""
"Descent: Journeys in the Dark (Second Edition) – Lair of the Wyrm","129423","0","0","0","1","0","0","0","0","0","0","0","3","","","","","","114578933","6.51426","7.88226","3.0625","0","9927","thing","Descent: Journeys in the Dark (Second Edition) – Lair of the Wyrm","2","5","120","120","120","2012","2,3,4,5","5","12+","Extensive use of text - massive conversion needed to be playable","","","","","","expansion","","","","","","","","","","","","","","",""
"Desolate","249675","0","0","0","1","0","0","0","0","0","0","0","3","","","","","","114538586","5.83688","7.31648","1.5909","4474","1570","thing","Desolate","1","1","20","20","15","2018","1","1","10+","Some necessary text - easily memorized or small crib sheet","","","","","","standalone","","","","","","","","","","","","","","",""
"Destinies","285192","0","0","0","1","0","0","0","0","0","0","0","3","","","","","","114537365","7.07629","7.63913","1.9161","417","18910","thing","Destinies","1","3","150","150","90","2021","1,2,3","2","10+","Extensive use of text - massive conversion needed to be playable","","","","","","standalone","","","","","","","","","","","","","","",""
"Dice Throne: Season One","216734","0","0","0","1","0","0","0","0","0","0","0","3","","","","","","114536384","6.83418","7.48349","2.066","721","9495","thing","Dice Throne: Season One","2","6","40","40","20","2018","2,3,4","2","8+","Moderate in-game text - needs crib sheet or paste ups","","","","","","standalone","","","","","","","","","","","","","","",""
"Doomlings","324413","0","0","0","1","0","0","0","0","0","0","0","3","","","","","","149973137","6.03428","6.75414","1.5733","3036","8549","thing","Doomlings","2","6","45","45","20","2022","2,3,4,5,6","4","8+","Moderate in-game text - needs crib sheet or paste ups","","","","","","standalone","","","","","","","","","","","","","","",""
"Dragons of Etchinstone","367086","0","0","0","1","0","0","0","0","0","0","0","3","","","","","","149973179","6.17124","7.88997","2.413","2365","4119","thing","Dragons of Etchinstone","1","1","30","30","20","2022","1","1","10+","Some necessary text - easily memorized or small crib sheet","","","","","","standalone","","","","","","","","","","","","","","",""
"The Duke: Lord's Legacy","257601","0","0","0","1","0","0","0","0","0","0","0","3","","","","","","114537151","5.83701","7.72071","2.0833","4473","1163","thing","The Duke: Lord's Legacy","2","2","30","30","30","2018","2","2","","No necessary in-game text","","","","","","standalone","","","","","","","","","","","","","","",""
"Dune: Imperium","316554","0","0","0","1","0","0","0","0","0","0","0","3","","","","","","114536008","8.21787","8.40611","3.0799","6","79780","thing","Dune: Imperium","1","4","120","120","60","2020","1,2,3,4","3,4","12+","Moderate in-game text - needs crib sheet or paste ups","","","","","","standalone","","","","","","","","","","","","","","",""
"Dune: Imperium – Bloodlines","426129","0","0","0","1","0","0","0","0","0","0","0","3","","","","","","149973081","6.86702","8.6973","3.5833","0","9650","thing","Dune: Imperium – Bloodlines","1","6","120","120","60","2025","2,3,4,6","4","12+","Moderate in-game text - needs crib sheet or paste ups","","","","","","expansion","","","","","","","","","","","","","","",""
"Dune: Imperium – Immortality","367466","0","0","0","1","0","0","0","0","0","0","0","3","","","","","","114578351","7.52615","8.53734","3.3366","0","19918","thing","Dune: Imperium – Immortality","1","4","120","120","60","2022","1,2,3,4","3,4","12+","Moderate in-game text - needs crib sheet or paste ups","","","","","","expansion","","","","","","","","","","","","","","",""
"Dune: Imperium – Rise of Ix","342031","0","0","0","1","0","0","0","0","0","0","0","3","","","","","","114578346","8.0941","8.79729","3.2344","0","29781","thing","Dune: Imperium – Rise of Ix","1","4","120","120","60","2022","1,2,3,4","3,4","12+","Moderate in-game text - needs crib sheet or paste ups","","","","","","expansion","","","","","","","","","","","","","","",""
"Ecologies","291855","0","0","0","1","0","0","0","0","0","0","0","3","","","","","","114537223","5.60234","6.88417","1.7273","9437","916","thing","Ecologies","1","6","90","90","60","2019","2,3,4,5","3,4","10+","Moderate in-game text - needs crib sheet or paste ups","","","","","","standalone","","","","","","","","","","","","","","",""
"Ecologies: Bizarre Biomes","327004","0","0","0","1","0","0","0","0","0","0","0","3","","","","","","114578360","5.53978","7.13732","2","14995","269","thing","Ecologies: Bizarre Biomes","1","6","90","90","60","2020","","","","","","","","","","standalone","","","","","","","","","","","","","","",""
"Eiyo","299946","0","0","0","1","0","0","0","0","0","0","0","3","","","","","","114538133","5.65478","6.64648","1.9545","7469","1808","thing","Eiyo","1","2","20","20","20","2020","1,2","1","10+","No necessary in-game text","","","","","","standalone","","","","","","","","","","","","","","",""
"Evolution: Climate","182134","0","0","0","1","0","0","0","0","0","0","0","3","","","","","","114536404","6.96012","7.43492","2.7368","554","14303","thing","Evolution: Climate","2","6","60","60","60","2016","2,3,4,5","4","10+","Moderate in-game text - needs crib sheet or paste ups","","","","","","standalone","","","","","","","","","","","","","","",""
"Exceed Fighting System","224483","0","0","0","1","0","0","0","0","0","0","0","3","","","","","","149973102","6.01691","8.03795","2.6522","3121","1007","thing","Exceed Fighting System","2","2","30","30","5","2016","2","2","12+","Moderate in-game text - needs crib sheet or paste ups","","","","","","standalone","","","","","","","","","","","","","","",""
"Exploding Kittens: NSFW Edition","172242","0","0","0","1","0","0","0","0","0","0","0","3","","","","","","114537676","5.95907","6.23006","1.082","3480","33552","thing","Exploding Kittens: NSFW Edition","2","5","20","20","10","2015","3,4,5","4,5","14+","Some necessary text - easily memorized or small crib sheet","","","","","","standalone","","","","","","","","","","","","","","",""
"Falling Sky: The Gallic Revolt Against Caesar","163154","0","0","0","1","0","0","0","0","0","0","0","3","","","","","","117816582","6.47744","7.75176","3.9924","1399","4747","thing","Falling Sky: The Gallic Revolt Against Caesar","1","4","360","360","180","2016","1,2,3,4","4","14+","Extensive use of text - massive conversion needed to be playable","","","","","","standalone","","","","","","","","","","","","","","",""
"Falling Sky: The Gallic Revolt Against Caesar – Ariovistus","209343","0","0","0","1","0","0","0","0","0","0","0","3","","","","","","117876776","5.66077","7.83426","4","0","1551","thing","Falling Sky: The Gallic Revolt Against Caesar – Ariovistus","1","4","0","0","0","2018","1,2,3,4","1,2,4","16+","Extensive use of text - massive conversion needed to be playable","","","","","","expansion","","","","","","","","","","","","","","",""
"Fantasy Realms","223040","0","0","0","1","0","0","0","0","0","0","0","3","","","","","","114538067","7.23944","7.49761","1.8213","273","29679","thing","Fantasy Realms","2","6","20","20","20","2017","2,3,4,5","2,3","10+","Moderate in-game text - needs crib sheet or paste ups","","","","","","standalone","","","","","","","","","","","","","","",""
"Fantasy Realms: The Cursed Hoard","315200","0","0","0","1","0","0","0","0","0","0","0","3","","","","","","114578339","6.19578","7.16845","1.8889","0","7039","thing","Fantasy Realms: The Cursed Hoard","3","6","30","30","20","2021","2,3,4,5","3,4","10+","Extensive use of text - massive conversion needed to be playable","","","","","","expansion","","","","","","","","","","","","","","",""
"Faraway","385761","0","0","0","1","0","0","0","0","0","0","0","3","","","","","","149973105","7.27367","7.53757","1.945","254","34560","thing","Faraway","2","6","25","25","25","2023","2,3,4,5","3","10+","No necessary in-game text","","","","","","standalone","","","","","","","","","","","","","","",""
"The Fields of Normandy 2: A Solitaire Wargame","380356","0","0","0","1","0","0","0","0","0","0","0","3","","","","","","114535625","5.54873","8.51186","2","13668","221","thing","The Fields of Normandy 2: A Solitaire Wargame","1","1","75","75","45","2023","1","1","12+","Moderate in-game text - needs crib sheet or paste ups","","","","","","standalone","","","","","","","","","","","","","","",""
"Five Leagues From The Borderlands: 3rd Edition","359758","0","0","0","1","0","0","0","0","0","0","0","3","","","","","","114536184","5.63096","8.48691","3.3333","8202","577","thing","Five Leagues From The Borderlands: 3rd Edition","1","2","120","120","30","2022","1,2","1","10+","Moderate in-game text - needs crib sheet or paste ups","","","","","","standalone","","","","","","","","","","","","","","",""
"Five Parsecs From Home: Solo Adventure Wargaming","337864","0","0","0","1","0","0","0","0","0","0","0","3","","","","","","114536171","5.8041","8.49609","2.875","4799","1187","thing","Five Parsecs From Home: Solo Adventure Wargaming","1","2","90","90","90","2021","1,2","1","12+","Extensive use of text - massive conversion needed to be playable","","","","","","standalone","","","","","","","","","","","","","","",""
"Flip Ships","223215","0","0","0","1","0","0","0","0","0","0","0","3","","","","","","114535845","6.2236","6.97306","1.4211","2173","4085","thing","Flip Ships","1","4","45","45","30","2017","1,2,3,4","3,4","6+","Moderate in-game text - needs crib sheet or paste ups","","","","","","standalone","","","","","","","","","","","","","","",""
"Food Chain Island","309110","0","0","0","1","0","0","0","0","0","0","0","3","","","","","","114538121","6.47942","7.18718","1.2909","1397","9283","thing","Food Chain Island","1","1","15","15","15","2020","1","1","8+","Some necessary text - easily memorized or small crib sheet","","","","","","standalone","","","","","","","","","","","","","","",""
"Forbidden Island","65244","0","0","0","1","0","0","0","0","0","0","0","3","","","","","","114537465","6.63751","6.74797","1.7406","1045","102402","thing","Forbidden Island","2","4","30","30","30","2010","1,2,3,4","4","8+","Some necessary text - easily memorized or small crib sheet","","","","","","standalone","","","","","","","","","","","","","","",""
"Forest Shuffle","391163","0","0","0","1","0","0","0","0","0","0","0","3","","","","","","114537975","7.46304","7.72874","2.2205","150","41936","thing","Forest Shuffle","2","5","60","60","40","2023","2,3,4","2","10+","Moderate in-game text - needs crib sheet or paste ups","","","","","","standalone","","","","","","","","","","","","","","",""
"Forest Shuffle: Alpine","412576","0","0","0","1","0","0","0","0","0","0","0","3","","","","","","149973158","7.09287","8.19625","2.0962","0","16216","thing","Forest Shuffle: Alpine","2","5","60","60","60","2024","2,3,4","2","10+","Moderate in-game text - needs crib sheet or paste ups","","","","","","expansion","","","","","","","","","","","","","","",""
"The Fox in the Forest","221965","0","0","0","1","0","0","0","0","0","0","0","3","","","","","","114536518","6.84906","7.04871","1.617","695","39761","thing","The Fox in the Forest","2","2","30","30","30","2017","2","2","10+","Some necessary text - easily memorized or small crib sheet","","","","","","standalone","","","","","","","","","","","","","","",""
"Frostpunk: The Board Game","311988","0","0","0","1","0","0","0","0","0","0","0","3","","","","","","114536130","7.11726","8.11606","4.4091","380","12073","thing","Frostpunk: The Board Game","1","4","150","150","120","2022","1,2","1","16+","Extensive use of text - massive conversion needed to be playable","","","","","","standalone","","","","","","","","","","","","","","",""
"Frostpunk: The Board Game – Frostlander","323382","0","0","0","1","0","0","0","0","0","0","0","3","","","","","","114578355","6.02273","8.50616","3.8182","0","4865","thing","Frostpunk: The Board Game – Frostlander","1","4","150","150","120","2022","1,2","1","14+","Unplayable in another language","","","","","","expansion","","","","","","","","","","","","","","",""
"Galdor's Grip","373828","9","0","0","1","0","0","0","0","0","0","0","3","","","","","","104112423","5.90777","7.91658","2.04","3856","1250","thing","Galdor's Grip","1","1","45","45","30","2022","1","1","10+","Extensive use of text - massive conversion needed to be playable","","","","","","standalone","","","","","","","","","","","","","","",""
"The Gang","411567","0","0","0","1","0","0","0","0","0","0","0","3","","","","","","149973162","7.14439","7.54999","1.5936","355","19352","thing","The Gang","3","6","20","20","20","2024","4,5,6","5","12+","Some necessary text - easily memorized or small crib sheet","","","","","","standalone","","","","","","","","","","","","","","",""
"Gate","305752","0","0","0","1","0","0","0","0","0","0","0","3","","","","","","114538420","5.94377","7.40048","1.7241","3581","2242","thing","Gate","1","1","30","30","15","2020","1","1","10+","Moderate in-game text - needs crib sheet or paste ups","","","","","","standalone","","","","","","","","","","","","","","",""
"A Gentle Rain","334011","0","0","0","1","0","0","0","0","0","0","0","3","","","","","","149973096","6.68149","7.61451","1.1","952","10530","thing","A Gentle Rain","1","1","15","15","15","2024","1","1","5+","No necessary in-game text","","","","","","standalone","","","","","","","","","","","","Incredible Dream Studios","English","2024","English second edition"
"Gloomhaven: Buttons & Bugs","393672","0","0","0","1","0","0","0","0","0","0","0","3","","","","","","149973169","6.71948","7.46458","3.3165","888","18945","thing","Gloomhaven: Buttons & Bugs","1","1","20","20","20","2024","1","1","14+","Extensive use of text - massive conversion needed to be playable","","","","","","standalone","","","","","","","","","","","","","","",""
"Gloomhaven: Jaws of the Lion","291457","0","0","0","1","0","0","0","0","0","0","0","3","","","","","","114537373","8.08891","8.34979","3.6424","12","90630","thing","Gloomhaven: Jaws of the Lion","1","4","120","120","30","2020","1,2,3,4","2","12+","Extensive use of text - massive conversion needed to be playable","","","","","","standalone","","","","","","","","","","","","","","",""
"God of War: The Card Game","278120","0","0","0","1","0","0","0","0","0","0","0","3","","","","","","149973070","5.79935","6.53808","2.5172","4870","3369","thing","God of War: The Card Game","1","4","180","180","90","2019","1,2,3,4","2","10+","Extensive use of text - massive conversion needed to be playable","","","","","","standalone","","","","","","","","","","","","","","",""
"Gorus Maximus","253756","0","0","0","1","0","0","0","0","0","0","0","3","","","","","","114537412","5.76404","6.34526","1.4091","5322","2514","thing","Gorus Maximus","1","8","45","45","20","2018","1,3,4,5,6,8","6","10+","No necessary in-game text","","","","","","standalone","","","","","","","","","","","","","","",""
"Gosu X","368119","0","0","0","1","0","0","0","0","0","0","0","3","","","","","","149973186","5.91414","7.60928","3.0714","3811","1368","thing","Gosu X","2","2","40","40","20","2023","2","2","10+","Moderate in-game text - needs crib sheet or paste ups","","","","","","standalone","","","","","","","","","","","","Hachette Boardgames USA; Sorry We Are French","English","2023","English edition"
"Griphold Tower","373790","0","0","0","1","0","0","0","0","0","0","0","3","","","","","","114538345","0","8.19444","2","0","61","thing","Griphold Tower","1","1","30","30","20","2020","1","1","","","","","","","","standalone","","","","","","","","","","","","","","",""
"Hadrian's Wall","304783","0","0","0","1","0","0","0","0","0","0","0","3","","","","","","114535769","7.40494","7.86231","3.1745","173","18058","thing","Hadrian's Wall","1","6","60","60","30","2021","1,2,3","1","12+","Some necessary text - easily memorized or small crib sheet","","","","","","standalone","","","","","","","","","","","","","","",""
"Halls of Hegra","336131","0","0","0","1","0","0","0","0","0","0","0","3","","","","","","148925130","6.28679","8.07395","3.4074","1951","3463","thing","Halls of Hegra","1","1","90","90","70","2023","1","1","16+","Extensive use of text - massive conversion needed to be playable","","","","","","standalone","","","","","","","","","","","","","","",""
"Helionox: Deluxe Edition","222988","0","0","0","1","0","0","0","0","0","0","0","3","","","","","","114535860","5.80334","7.20138","2.6111","0","1336","thing","Helionox: Deluxe Edition","1","4","90","90","30","2017","1,2,3,4","1","12+","Extensive use of text - massive conversion needed to be playable","","","","","","standalone","","","","","","","","","","","","","","",""
"Hispania","398887","0","0","0","1","0","0","0","0","0","0","0","3","","","","","","149973052","5.74267","7.95551","2.25","5643","928","thing","Hispania","1","4","60","60","30","2024","1,2,3,4","1","12+","No necessary in-game text","","","","","","standalone","","","","","","","","","","","","","","",""
"Hit Z Road","176083","0","0","0","1","0","0","0","0","0","0","0","3","","","","","","114536967","6.30939","6.76563","1.8673","1872","8386","thing","Hit Z Road","1","4","60","60","30","2016","1,2,3,4","4","10+","Some necessary text - easily memorized or small crib sheet","","","","","","standalone","","","","","","","","","","","","","","",""
"Hive Pocket","154597","0","0","0","1","0","0","0","0","0","0","0","3","","","","","","149973177","7.33871","7.68674","2.2044","0","37317","thing","Hive Pocket","2","2","20","20","20","2010","2","2","8+","No necessary in-game text","","","","","","standalone","","","","","","","","","","","","","","",""
"Hoplomachus: Army of One","195520","0","0","0","1","0","0","0","0","0","0","0","3","","","","","","114578331","5.56486","8.09429","2.5","0","497","thing","Hoplomachus: Army of One","1","4","30","30","0","2013","1","1","12+","Some necessary text - easily memorized or small crib sheet","","","","","","expansion","","","","","","","","","","","","","","",""
"Hoplomachus: FaMel Ruins Arena","248766","0","0","0","1","0","0","0","0","0","0","0","3","","","","","","114578365","0","8.09286","3","0","216","thing","Hoplomachus: FaMel Ruins Arena","1","3","0","0","0","2012","1","1","12+","Some necessary text - easily memorized or small crib sheet","","","","","","expansion","","","","","","","","","","","","","","",""
"Hoplomachus: Machu Picchu","234898","0","0","0","1","0","0","0","0","0","0","0","3","","","","","","114578353","5.55774","8.27636","0","0","376","thing","Hoplomachus: Machu Picchu","1","4","30","0","30","2017","","","","","","","","","","expansion","","","","","","","","","","","","","","",""
"Hoplomachus: Origins","176524","0","0","0","1","0","0","0","0","0","0","0","3","","","","","","114536207","5.9473","7.55879","3","3553","1531","thing","Hoplomachus: Origins","1","2","30","30","15","2015","1,2","1","12+","Some necessary text - easily memorized or small crib sheet","","","","","","standalone","","","","","","","","","","","","","","",""
"Hoplomachus: Rise of Rome","139131","0","0","0","1","0","0","0","0","0","0","0","3","","","","","","114578361","5.83779","7.94101","2.9474","4466","1067","thing","Hoplomachus: Rise of Rome","1","2","30","30","30","2013","1,2","1","12+","Some necessary text - easily memorized or small crib sheet","","","","","","standalone","","","","","","","","","","","","","","",""
"Hoplomachus: The Lost Cities","124839","0","0","0","1","0","0","0","0","0","0","0","3","","","","","","114578345","5.91563","7.8014","2.5185","3796","1264","thing","Hoplomachus: The Lost Cities","1","3","60","60","60","2012","1,2,3","2","10+","Some necessary text - easily memorized or small crib sheet","","","","","","standalone","","","","","","","","","","","","","","",""
"Horizons of Spirit Island","367498","0","0","0","1","0","0","0","0","0","0","0","3","","","","","","114579831","7.03438","8.11195","3.5686","472","13144","thing","Horizons of Spirit Island","1","3","120","120","90","2022","1,2,3","2","14+","Extensive use of text - massive conversion needed to be playable","","","","","","standalone","","","","","","","","","","","","","","",""
"Iliad","21654","0","0","0","1","0","0","0","0","0","0","0","3","","","","","","114536722","5.92662","6.50261","2.0905","3705","2201","thing","Iliad","2","6","45","45","45","2006","3,4,5,6","6","10+","No necessary in-game text","","","","","","standalone","","","","","","","","","","","","","","",""
"Imperium: Classics","318184","0","0","0","1","0","0","0","0","0","0","0","3","","","","","","114535913","7.16641","7.68026","3.631","335","18066","thing","Imperium: Classics","1","4","160","160","40","2021","1,2","1,2","14+","Extensive use of text - massive conversion needed to be playable","","","","","","standalone","","","","","","","","","","","","","","",""
"Imperium: Horizons","367518","0","0","0","1","0","0","0","0","0","0","0","3","","","","","","117714539","6.78688","8.49738","4.0088","780","6284","thing","Imperium: Horizons","1","4","160","160","40","2024","1,2,3","1,2","14+","Extensive use of text - massive conversion needed to be playable","","","","","","standalone","","","","","","","","","","","","","","",""
"Imperium: Legends","318182","0","0","0","1","0","0","0","0","0","0","0","3","","","","","","114578333","7.04952","7.84265","3.7621","454","13668","thing","Imperium: Legends","1","4","160","160","40","2021","1,2","1,2","14+","Extensive use of text - massive conversion needed to be playable","","","","","","standalone","","","","","","","","","","","","","","",""
"Jarl: The Vikings Tile-Laying Game","170901","0","0","0","1","0","0","0","0","0","0","0","3","","","","","","114537125","5.7126","6.8526","2.6667","6154","1270","thing","Jarl: The Vikings Tile-Laying Game","2","2","25","25","15","2015","2","2","6+","","","","","","","standalone","","","","","","","","","","","","","","",""
"Jump Drive","205597","0","0","0","1","0","0","0","0","0","0","0","3","","","","","","117714573","6.53696","6.99703","2.0154","1251","7629","thing","Jump Drive","2","4","30","30","10","2017","1,2,3,4","3","10+","Some necessary text - easily memorized or small crib sheet","","","","","","standalone","","","","","","","","","","","","","","",""
"Jump Drive: Terminal Velocity","375115","0","0","0","1","0","0","0","0","0","0","0","3","","","","","","117714586","5.86281","8.03707","2.2308","0","1398","thing","Jump Drive: Terminal Velocity","1","5","30","30","30","2023","1,2,3,4,5","3","10+","Some necessary text - easily memorized or small crib sheet","","","","","","expansion","","","","","","","","","","","","","","",""
"Kariba","84732","0","0","0","1","0","0","0","0","0","0","0","3","","","","","","114537717","6.29809","7.01814","1.0556","1911","6370","thing","Kariba","2","4","15","15","15","2010","2,3,4","2","6+","No necessary in-game text","","","","","","standalone","","","","","","","","","","","","","","",""
"Kinfire Delve: Scorn's Stockade","404538","0","0","0","1","0","0","0","0","0","0","0","3","","","","","","149973059","6.49593","7.92818","2.125","1358","6250","thing","Kinfire Delve: Scorn's Stockade","1","2","60","60","60","2024","1,2","2","12+","Extensive use of text - massive conversion needed to be playable","","","","","","standalone","","","","","","","","","","","","","","",""
"The King Is Dead: Second Edition","319966","0","0","0","1","0","0","0","0","0","0","0","3","","","","","","149973173","7.11974","7.58322","2.1634","374","13392","thing","The King Is Dead: Second Edition","2","4","45","45","30","2020","2,3,4","3","12+","No necessary in-game text","","","","","","standalone","","","","","","","","","","","","","","",""
"King of Tokyo","70323","0","0","0","1","0","0","0","0","0","0","0","3","","","","","","114537352","7.00481","7.11022","1.4843","507","113258","thing","King of Tokyo","2","6","30","30","30","2011","3,4,5,6","4,5","6+","Moderate in-game text - needs crib sheet or paste ups","","","","","","standalone","","","","","","","","","","","","","","",""
"Kingdomino","204583","0","0","0","1","0","0","0","0","0","0","0","3","","","","","","149973125","7.16821","7.2862","1.2424","333","92882","thing","Kingdomino","2","4","25","25","15","2016","2,3,4","2,4","6+","No necessary in-game text","","","","","","standalone","","","","","","","","","","","","","","",""
"Kiri-ai: The Duel","387769","0","0","0","1","0","0","0","0","0","0","0","3","","","","","","115758442","5.81975","6.96786","1.4","4642","2164","thing","Kiri-ai: The Duel","2","2","10","10","5","2023","2","2","8+","No necessary in-game text","","","","","","standalone","","","","","","","","","","","","","","",""
"Knarr","379629","0","0","0","1","0","0","0","0","0","0","0","3","","","","","","149973109","7.02255","7.47213","1.9138","489","14016","thing","Knarr","2","4","30","30","30","2023","2,3,4","3","10+","No necessary in-game text","","","","","","standalone","","","","","","","","","","","","","","",""
"Knightmare Chess (Third Edition)","155192","0","0","0","1","0","0","0","0","0","0","0","3","","","","","","114538772","5.59904","7.21918","3","0","646","thing","Knightmare Chess (Third Edition)","2","2","90","90","90","2014","2","2","8+","Moderate in-game text - needs crib sheet or paste ups","","","","","","expansion","","","","","","","","","","","","","","",""
"Legendary Encounters: Alien Covenant","285158","0","0","0","1","0","0","0","0","0","0","0","3","","","","","","114578334","5.8999","8.1376","2.6667","0","2477","thing","Legendary Encounters: Alien Covenant","1","5","60","60","30","2019","1,2,3,4,5","2,3","12+","Moderate in-game text - needs crib sheet or paste ups","","","","","","expansion","","","","","","","","","","","","","","",""
"Legendary Encounters: An Alien Deck Building Game","146652","0","0","0","1","0","0","0","0","0","0","0","3","","","","","","114535751","7.36248","7.75138","2.7078","201","19390","thing","Legendary Encounters: An Alien Deck Building Game","1","5","60","60","30","2014","1,2,3,4","3","14+","Moderate in-game text - needs crib sheet or paste ups","","","","","","standalone","","","","","","","","","","","","","","",""
"Legendary Encounters: An Alien Deck Building Game Expansion","200090","0","0","0","1","0","0","0","0","0","0","0","3","","","","","","114578364","6.38901","8.30055","2.6364","0","5382","thing","Legendary Encounters: An Alien Deck Building Game Expansion","1","5","45","45","45","2016","1,2,3,4,5","3","10+","Extensive use of text - massive conversion needed to be playable","","","","","","expansion","","","","","","","","","","","","","","",""
"Limes","153623","0","0","0","1","0","0","0","0","0","0","0","3","","","","","","114536240","5.99384","6.79906","1.8333","3257","2312","thing","Limes","1","2","20","20","20","2014","1,2","1","8+","No necessary in-game text","","","","","","standalone","","","","","","","","","","","","","","",""
"Lone Sherman: A Solitaire Wargame","373621","0","0","0","1","0","0","0","0","0","0","0","3","","","","","","114535612","5.70649","8.11227","2.1429","6269","1011","thing","Lone Sherman: A Solitaire Wargame","1","1","90","90","10","2022","1","1","16+","Moderate in-game text - needs crib sheet or paste ups","","","","","","standalone","","","","","","","","","","","","","","",""
"The Lord of the Rings: Duel for Middle-earth","421006","0","0","0","1","0","0","0","0","0","0","0","3","","","","","","149973073","8.00082","8.35104","2.0723","19","45560","thing","The Lord of the Rings: Duel for Middle-earth","2","2","30","30","30","2024","2","2","10+","No necessary in-game text","","","","","","standalone","","","","","","","","","","","","","","",""
"The Lord of the Rings: The Card Game","77423","0","0","0","1","0","0","0","0","0","0","0","3","","","","","","114537880","7.38301","7.66204","3.2209","187","39130","thing","The Lord of the Rings: The Card Game","1","2","60","60","30","2011","1,2","2","12+","Extensive use of text - massive conversion needed to be playable","","","","","","standalone","","","","","","","","","","","","","","",""
"The Lord of the Rings: The Card Game – The Black Riders","142875","0","0","0","1","0","0","0","0","0","0","0","3","","","","","","114579112","6.12495","8.31783","3.0938","0","4902","thing","The Lord of the Rings: The Card Game – The Black Riders","1","2","60","60","60","2013","1,2","1,2","12+","Extensive use of text - massive conversion needed to be playable","","","","","","expansion","","","","","","","","","","","","","","",""
"The Lord of the Rings: The Card Game – The Hobbit: On the Doorstep","130715","0","0","0","1","0","0","0","0","0","0","0","3","","","","","","114579028","6.04467","8.00114","3.2188","0","4949","thing","The Lord of the Rings: The Card Game – The Hobbit: On the Doorstep","1","2","0","0","0","2013","1,2","2","12+","Extensive use of text - massive conversion needed to be playable","","","","","","expansion","","","","","","","","","","","","","","",""
"The Lord of the Rings: The Card Game – The Hobbit: Over Hill and Under Hill","123695","0","0","0","1","0","0","0","0","0","0","0","3","","","","","","114579004","6.23034","7.84432","3.1591","0","6604","thing","The Lord of the Rings: The Card Game – The Hobbit: Over Hill and Under Hill","1","2","60","60","60","2012","1,2","2","12+","Extensive use of text - massive conversion needed to be playable","","","","","","expansion","","","","","","","","","","","","","","",""
"The Lord of the Rings: The Card Game – The Road Darkens","147723","0","0","0","1","0","0","0","0","0","0","0","3","","","","","","114579133","5.93293","8.3727","3.1333","0","4004","thing","The Lord of the Rings: The Card Game – The Road Darkens","1","2","60","60","60","2014","1,2","1,2","12+","Extensive use of text - massive conversion needed to be playable","","","","","","expansion","","","","","","","","","","","","","","",""
"The Lord of the Rings: The Card Game – The Voice of Isengard","146574","0","0","0","1","0","0","0","0","0","0","0","3","","","","","","114579155","5.85265","8.03126","3.0667","0","3564","thing","The Lord of the Rings: The Card Game – The Voice of Isengard","1","2","60","60","60","2014","1,2","2","12+","Extensive use of text - massive conversion needed to be playable","","","","","","expansion","","","","","","","","","","","","","","",""
"Lords of Waterdeep","110327","0","0","0","1","0","0","0","0","0","0","0","3","","","","","","114536623","7.57969","7.72882","2.4483","108","75360","thing","Lords of Waterdeep","2","5","120","120","60","2012","2,3,4,5","3,4","10+","Moderate in-game text - needs crib sheet or paste ups","","","","","","standalone","","","","","","","","","","","","","","",""
"Lords of Waterdeep: Scoundrels of Skullport","134342","0","0","0","1","0","0","0","0","0","0","0","3","","","","","","114578340","7.78677","8.21045","2.6547","0","36532","thing","Lords of Waterdeep: Scoundrels of Skullport","2","6","60","60","60","2013","2,3,4,5,6","4","12+","Moderate in-game text - needs crib sheet or paste ups","","","","","","expansion","","","","","","","","","","","","","","",""
"Love Letter","277085","0","0","0","1","0","0","0","0","0","0","0","3","","","","","","114537620","7.19032","7.49724","1.1299","316","33394","thing","Love Letter","2","6","20","20","20","2019","3,4,5,6","4","8+","Some necessary text - easily memorized or small crib sheet","","","","","","standalone","","","","","","","","","","","","","","",""
"Mage Knight Board Game","96848","0","0","0","1","0","0","0","0","0","0","0","3","","","","","","114535535","7.83701","8.08222","4.3789","39","48329","thing","Mage Knight Board Game","1","4","240","240","60","2011","1,2,3","1,2","14+","Extensive use of text - massive conversion needed to be playable","","","","","","standalone","","","","","","","","","","","","","","",""
"Mage Knight Board Game: Krang Character Expansion","144763","0","0","0","1","0","0","0","0","0","0","0","3","","","","","","114579235","6.57152","8.08517","3.8","0","7565","thing","Mage Knight Board Game: Krang Character Expansion","1","5","90","90","90","2013","1,2,3","1,2","14+","Extensive use of text - massive conversion needed to be playable","","","","","","expansion","","","","","","","","","","","","","","",""
"Mage Knight Board Game: Shades of Tezla Expansion","176130","0","0","0","1","0","0","0","0","0","0","0","3","","","","","","114579224","6.30901","8.03288","4.2667","0","5896","thing","Mage Knight Board Game: Shades of Tezla Expansion","1","5","240","240","60","2015","1,2,3","1,2","14+","Extensive use of text - massive conversion needed to be playable","","","","","","expansion","","","","","","","","","","","","","","",""
"Mage Knight Board Game: The Lost Legion Expansion","130704","0","0","0","1","0","0","0","0","0","0","0","3","","","","","","114579213","7.46594","8.77277","4.2434","0","13247","thing","Mage Knight Board Game: The Lost Legion Expansion","1","5","240","240","240","2012","1,2,3","1,2","14+","Extensive use of text - massive conversion needed to be playable","","","","","","expansion","","","","","","","","","","","","","","",""
"Magical Athlete","454103","0","0","0","1","0","0","0","0","0","0","0","3","","","","","","149973170","7.21237","7.75826","1.2035","294","18383","thing","Magical Athlete","2","6","30","30","30","2025","3,4,5,6","5,6","6+","Moderate in-game text - needs crib sheet or paste ups","","","","","","standalone","","","","","","","","","","","","","","",""
"Marvel Champions: The Card Game","285774","0","0","0","1","0","0","0","0","0","0","0","3","","","","","","149973064","7.78794","8.10535","2.964","50","49073","thing","Marvel Champions: The Card Game","1","4","90","90","45","2019","1,2,3","1,2","12+","Extensive use of text - massive conversion needed to be playable","","","","","","standalone","","","","","","","","","","","","","","",""
"Marvel Champions: The Card Game – Mutant Genesis","363709","0","0","0","1","0","0","0","0","0","0","0","3","","","","","","149973095","6.29116","8.61232","3.1667","0","7461","thing","Marvel Champions: The Card Game – Mutant Genesis","1","4","90","90","45","2022","1,2,3","1,2","12+","","","","","","","expansion","","","","","","","","","","","","","","",""
"Marvel Champions: The Card Game – The Green Goblin Scenario Pack","288794","0","0","0","1","0","0","0","0","0","0","0","3","","","","","","149973051","6.72172","8.34201","2.8889","0","13412","thing","Marvel Champions: The Card Game – The Green Goblin Scenario Pack","1","4","90","90","45","2019","1,2,3,4","1,2","12+","Extensive use of text - massive conversion needed to be playable","","","","","","expansion","","","","","","","","","","","","","","",""
"Marvel Champions: The Card Game – The Once and Future Kang Scenario Pack","314028","0","0","0","1","0","0","0","0","0","0","0","3","","","","","","149973088","6.38113","8.31624","3.4545","0","10125","thing","Marvel Champions: The Card Game – The Once and Future Kang Scenario Pack","1","4","90","90","45","2020","1,2,3,4","2","12+","Extensive use of text - massive conversion needed to be playable","","","","","","expansion","","","","","","","","","","","","","","",""
"Marvel Champions: The Card Game – The Rise of Red Skull","306430","0","0","0","1","0","0","0","0","0","0","0","3","","","","","","149973114","6.9026","8.37849","2.7812","0","14819","thing","Marvel Champions: The Card Game – The Rise of Red Skull","1","4","90","90","45","2020","1,2,3","1,2","12+","Extensive use of text - massive conversion needed to be playable","","","","","","expansion","","","","","","","","","","","","","","",""
"Marvel Dice Masters: Uncanny X-Men","158275","0","0","0","1","0","0","0","0","0","0","0","3","","","","","","114537569","6.47295","7.13578","2.3675","1406","8045","thing","Marvel Dice Masters: Uncanny X-Men","2","2","60","60","60","2014","2","2","10+","Some necessary text - easily memorized or small crib sheet","","","","","","standalone","","","","","","","","","","","","","","",""
"Merchants of Magick: A Set a Watch Tale","321641","0","0","0","1","0","0","0","0","0","0","0","3","","","","","","114536490","5.91733","7.33576","2.2727","3774","1748","thing","Merchants of Magick: A Set a Watch Tale","1","8","60","60","45","2021","1,2,3,4,5,6,8","3,4,5","","Some necessary text - easily memorized or small crib sheet","","","","","","standalone","","","","","","","","","","","","","","",""
"Micro Dojo","319592","0","0","0","1","0","0","0","0","0","0","0","3","","","","","","114535648","5.70169","6.5939","2.0667","6380","1479","thing","Micro Dojo","1","2","30","30","10","2021","1,2","2","10","No necessary in-game text","","","","","","standalone","","","","","","","","","","","","","","",""
"Micro Dojo: Loyalty + Deceit","348612","0","0","0","1","0","0","0","0","0","0","0","3","","","","","","114579269","5.52881","7.24256","0","0","537","thing","Micro Dojo: Loyalty + Deceit","1","2","30","30","15","2022","","","","","","","","","","expansion","","","","","","","","","","","","","","",""
"Micro Space Empire","99698","0","0","0","1","0","0","0","0","0","0","0","3","","","","","","114535679","5.5423","6.4752","1.2222","14595","231","thing","Micro Space Empire","1","1","10","10","10","2011","1","1","10+","Some necessary text - easily memorized or small crib sheet","","","","","","standalone","","","","","","","","","","","","","","",""
"The Mind","244992","0","0","0","1","0","0","0","0","0","0","0","3","","","","","","114537515","6.58622","6.70603","1.0741","1144","71463","thing","The Mind","2","4","20","20","20","2018","2,3,4","4","8+","No necessary in-game text","","","","","","standalone","","","","","","","","","","","","","","",""
"Mindbug: Beyond Eternity","392513","0","0","0","1","0","0","0","0","0","0","0","3","","","","","","149973144","6.16175","8.01766","2.1818","2405","4043","thing","Mindbug: Beyond Eternity","2","2","25","25","15","2023","2","2","10+","Moderate in-game text - needs crib sheet or paste ups","","","","","","standalone","","","","","","","","","","","","","","",""
"Mindbug: First Contact","345584","0","0","0","1","0","0","0","0","0","0","0","3","","","","","","149973187","7.06853","7.545","1.9351","427","19274","thing","Mindbug: First Contact","2","2","25","25","15","2022","2","2","8+","Moderate in-game text - needs crib sheet or paste ups","","","","","","standalone","","","","","","","","","","","","","","",""
"Mint Knight","359011","0","0","0","1","0","0","0","0","0","0","0","3","","","","","","114538684","5.63916","7.39421","3.5","7947","919","thing","Mint Knight","1","1","90","90","60","2022","1","1","14","","","","","","","standalone","","","","","","","","","","","","","","",""
"Mistfall","168274","0","0","0","1","0","0","0","0","0","0","0","3","","","","","","114579308","5.94606","6.61212","3.9545","3559","4169","thing","Mistfall","1","4","120","120","120","2015","1,2,3,4","2","14+","Extensive use of text - massive conversion needed to be playable","","","","","","standalone","","","","","","","","","","","","","","",""
"Mistfall: Heart of the Mists","193953","0","0","0","1","0","0","0","0","0","0","0","3","","","","","","114535978","5.83621","7.3329","4.129","4486","2154","thing","Mistfall: Heart of the Mists","1","4","120","120","120","2016","1,2,3","1","14+","Moderate in-game text - needs crib sheet or paste ups","","","","","","standalone","","","","","","","","","","","","","","",""
"Mistfall: Sand & Snow","202325","0","0","0","1","0","0","0","0","0","0","0","3","","","","","","114579285","5.57743","7.34624","4","0","1027","thing","Mistfall: Sand & Snow","1","4","120","120","120","2016","1","1","","","","","","","","expansion","","","","","","","","","","","","","","",""
"Mistfall: Valskyrr – Campaign System","175314","0","0","0","1","0","0","0","0","0","0","0","3","","","","","","114579324","5.58038","6.95395","3","0","1489","thing","Mistfall: Valskyrr – Campaign System","1","4","120","120","30","2015","","1","","","","","","","","expansion","","","","","","","","","","","","","","",""
"Mistsmall: Mistfall in 18 Cards","349333","0","0","0","1","0","0","0","0","0","0","0","3","","","","","","114538310","0","9.27778","0","0","59","thing","Mistsmall: Mistfall in 18 Cards","1","4","90","90","45","2021","","","","","","","","","","standalone","","","","","","","","","","","","","","",""
"Monikers","156546","0","0","0","1","0","0","0","0","0","0","0","3","","","","","","114537899","7.20523","7.75452","1.09","305","16400","thing","Monikers","4","16","60","60","30","2015","4,5,6,7,8,9,10,11,12,14,16","6,8,10","14+","Extensive use of text - massive conversion needed to be playable","","","","","","standalone","","","","","","","","","","","","","","",""
"Monkey Palace","412911","0","0","0","1","0","0","0","0","0","0","0","3","","","","","","149973111","6.30508","7.1196","1.9853","1888","7625","thing","Monkey Palace","2","4","45","45","45","2024","2,3,4","2","8+","No necessary in-game text","","","","","","standalone","","","","","","","","","","","","","","",""
"Mountain, River, River, Sun","325284","0","0","0","1","0","0","0","0","0","0","0","3","","","","","","114538375","0","4.4625","0","0","20","thing","Mountain, River, River, Sun","2","2","20","20","15","2019","","","","","","","","","","standalone","","","","","","","","","","","","","","",""
"Mr. Cabbagehead's Garden","192312","0","0","0","1","0","0","0","0","0","0","0","3","","","","","","114538564","6.00221","7.07216","1.7273","3195","2727","thing","Mr. Cabbagehead's Garden","1","2","20","20","10","2016","1,2","1","10+","Some necessary text - easily memorized or small crib sheet","","","","","","standalone","","","","","","","","","","","","","","",""
"Neanderthal","171662","0","0","0","1","0","0","0","0","0","0","0","3","","","","","","149973074","6.24355","7.22072","3.7857","2082","5588","thing","Neanderthal","1","3","120","120","60","2018","1,2,3","3","14+","Moderate in-game text - needs crib sheet or paste ups","","","","","","standalone","","","","","","","","","","","","Ion Game Design; Sierra Madre Games","English","2018","English second edition"
"New World: A Carcassonne Game","34615","0","0","0","1","0","0","0","0","0","0","0","3","","","","","","114537929","5.96531","6.48011","2.0457","3443","4332","thing","New World: A Carcassonne Game","2","5","45","45","45","2008","2,3,4","3","10+","No necessary in-game text","","","","","","standalone","","","","","","","","","","","","","","",""
"Nightlancer","207828","0","0","0","1","0","0","0","0","0","0","0","3","","","","","","117173128","5.53846","7.34069","2.5","15227","189","thing","Nightlancer","1","4","120","120","60","2021","1,2,3,4","3,4","","","","","","","","standalone","","","","","","","","","","","","","","",""
"Odin's Ravens (Second Edition)","192074","0","0","0","1","0","0","0","0","0","0","0","3","","","","","","114536362","6.45263","6.99039","1.2314","1459","9248","thing","Odin's Ravens (Second Edition)","2","2","30","30","15","2016","2","2","8+","No necessary in-game text","","","","","","standalone","","","","","","","","","","","","","","",""
"Ogre","5206","0","0","0","1","0","0","0","0","0","0","0","3","","","","","","114538484","6.23622","6.95058","2.3289","2115","8614","thing","Ogre","1","3","45","45","45","1977","1,2,3","2","10+","Some necessary text - easily memorized or small crib sheet","","","","","","standalone","","","","","","","","","","","","","","",""
"Omega Centauri","33759","0","0","0","1","0","0","0","0","0","0","0","3","","","","","","149973175","5.65084","6.9848","3.08","7583","638","thing","Omega Centauri","2","4","60","60","60","2014","1,2,3,4","4","12+","Moderate in-game text - needs crib sheet or paste ups","","","","","","standalone","","","","","","","","","","","","","","",""
"Onitama","160477","0","0","0","1","0","0","0","0","0","0","0","3","","","","","","149973100","7.13435","7.33265","1.6553","367","39882","thing","Onitama","2","2","20","20","15","2014","2","2","8+","No necessary in-game text","","","","","","standalone","","","","","","","","","","","","","","",""
"Origin Story","454909","0","0","0","1","0","0","0","0","0","0","0","3","","","","","","149973118","6.31448","7.17354","2.0862","1850","5403","thing","Origin Story","1","5","45","45","45","2025","1,2,3,4,5","4","10+","Extensive use of text - massive conversion needed to be playable","","","","","","standalone","","","","","","","","","","","","","","",""
"Paikō","119782","0","0","0","1","0","0","0","0","0","0","0","3","","","","","","114538596","5.51989","6.5848","2.75","19813","185","thing","Paikō","2","2","35","35","35","2012","2","2","8+","No necessary in-game text","","","","","","standalone","","","","","","","","","","","","","","",""
"Pandemic","30549","0","0","0","1","0","0","0","0","0","0","0","3","","","","","","114537237","7.40033","7.51035","2.3934","175","229135","thing","Pandemic","2","4","45","45","45","2008","1,2,3,4","4","10+","Some necessary text - easily memorized or small crib sheet","","","","","","standalone","","","","","","","","","","","","","","",""
"Paper 'Mech","198541","0","0","0","1","0","0","0","0","0","0","0","3","","","","","","114538410","5.54377","7.77154","2.4286","14367","183","thing","Paper 'Mech","1","1","40","40","20","2016","1","1","16+","Moderate in-game text - needs crib sheet or paste ups","","","","","","standalone","","","","","","","","","","","","","","",""
"Patchwork Doodle","264239","0","0","0","1","0","0","0","0","0","0","0","3","","","","","","149973054","6.0117","6.5735","1.2564","3147","5285","thing","Patchwork Doodle","1","6","20","20","20","2019","1,2,3,4,5,6","2,4","8+","No necessary in-game text","","","","","","standalone","","","","","","","","","","","","","","",""
"Paupers' Ladder","263938","0","0","0","1","0","0","0","0","0","0","0","3","","","","","","149973121","5.92307","7.88364","2.1818","3730","1523","thing","Paupers' Ladder","1","4","90","90","60","2019","1,2,3,4","2","10+","Extensive use of text - massive conversion needed to be playable","","","","","","standalone","","","","","","","","","","","","","","",""
"Paupers' Ladder: This Cobbled Isle","366895","0","0","0","1","0","0","0","0","0","0","0","3","","","","","","149973127","5.5391","8.74737","2","0","297","thing","Paupers' Ladder: This Cobbled Isle","1","4","90","90","45","2023","1,2,3,4","2,3","10+","Extensive use of text - massive conversion needed to be playable","","","","","","expansion","","","","","","","","","","","","","","",""
"Pax Transhumanity","257732","0","0","0","1","0","0","0","0","0","0","0","3","","","","","","114537206","6.19549","7.4606","4.4101","2279","2990","thing","Pax Transhumanity","1","4","150","150","60","2019","1,2,3,4","3","14+","Moderate in-game text - needs crib sheet or paste ups","","","","","","standalone","","","","","","","","","","","","","","",""
"Pentaquark","207242","0","0","0","1","0","0","0","0","0","0","0","3","","","","","","114538453","5.65717","6.4506","2.3333","7410","1947","thing","Pentaquark","1","1","30","30","15","2016","1","1","","No necessary in-game text","","","","","","standalone","","","","","","","","","","","","","","",""
"PitchCar Mini","14254","0","0","0","1","0","0","0","0","0","0","0","3","","","","","","114536871","6.26124","6.99279","1.1429","2029","2998","thing","PitchCar Mini","2","8","30","30","30","2003","2,3,4,5,6,7,8","4,5,6,7,8","5+","No necessary in-game text","","","","","","standalone","","","","","","","","","","","","","","",""
"Pixies","411875","0","0","0","1","0","0","0","0","0","0","0","3","","","","","","149973107","6.52945","7.09033","1.2377","1274","9756","thing","Pixies","2","5","30","30","30","2024","2,3,4","2","8+","No necessary in-game text","","","","","","standalone","","","","","","","","","","","","","","",""
"Pixies: Flower Power","441707","0","0","0","1","0","0","0","0","0","0","0","3","","","","","","149973155","5.75462","7.65291","1.8333","0","2344","thing","Pixies: Flower Power","2","6","30","30","30","2025","2,3,4,5","3,4","","","","","","","","expansion","","","","","","","","","","","","","","",""
"Planted: A Game of Nature & Nurture","365104","0","0","0","1","0","0","0","0","0","0","0","3","","","","","","149973057","6.46816","7.21819","1.6765","1418","9324","thing","Planted: A Game of Nature & Nurture","2","5","30","30","20","2022","2,3,4,5","3,4","8+","Some necessary text - easily memorized or small crib sheet","","","","","","standalone","","","","","","","","","","","","","","",""
"Pocket Battles: Celts vs. Romans","42898","0","0","0","1","0","0","0","0","0","0","0","3","","","","","","114535792","5.79895","6.38814","1.8571","4874","2826","thing","Pocket Battles: Celts vs. Romans","2","2","30","30","30","2009","2","2","10+","Some necessary text - easily memorized or small crib sheet","","","","","","standalone","","","","","","","","","","","","","","",""
"Pocket Battles: Elves vs. Orcs","66081","0","0","0","1","0","0","0","0","0","0","0","3","","","","","","114535806","5.75094","6.48495","2.0694","5525","2163","thing","Pocket Battles: Elves vs. Orcs","2","2","20","20","20","2010","2","2","12+","No necessary in-game text","","","","","","standalone","","","","","","","","","","","","","","",""
"Pocket Battles: Macedonians vs. Persians","118385","0","0","0","1","0","0","0","0","0","0","0","3","","","","","","114535831","5.67384","6.76406","1.8947","6995","1125","thing","Pocket Battles: Macedonians vs. Persians","2","2","30","30","30","2012","2","2","10+","No necessary in-game text","","","","","","standalone","","","","","","","","","","","","","","",""
"Pocket Landship","265204","0","0","0","1","0","0","0","0","0","0","0","3","","","","","","114536344","5.78834","6.98305","1.8621","4997","1377","thing","Pocket Landship","1","2","45","45","15","2019","1,2","1","10+","Moderate in-game text - needs crib sheet or paste ups","","","","","","standalone","","","","","","","","","","","","","","",""
"Pocket Mars","223779","0","0","0","1","0","0","0","0","0","0","0","3","","","","","","114536042","5.89371","6.41897","2.3467","3976","4392","thing","Pocket Mars","1","4","30","30","15","2017","1,2,3,4","2","10+","Moderate in-game text - needs crib sheet or paste ups","","","","","","standalone","","","","","","","","","","","","","","",""
"Pocket Watch: Set a Watch in 18 Cards","356587","0","0","0","1","0","0","0","0","0","0","0","3","","","","","","114538339","5.52721","7.27895","0","17651","290","thing","Pocket Watch: Set a Watch in 18 Cards","1","4","60","60","30","2022","","","","","","","","","","standalone","","","","","","","","","","","","","","",""
"Proving Grounds","268890","0","0","0","1","0","0","0","0","0","0","0","3","","","","","","114537449","5.84905","6.6225","2.1364","4360","3042","thing","Proving Grounds","1","1","45","45","30","2019","1","1","8+","Some necessary text - easily memorized or small crib sheet","","","","","","standalone","","","","","","","","","","","","","","",""
"Radlands","329082","0","0","0","1","0","0","0","0","0","0","0","3","","","","","","114536610","7.34973","7.73031","2.2643","218","29133","thing","Radlands","2","2","40","40","20","2021","2","2","12+","Moderate in-game text - needs crib sheet or paste ups","","","","","","standalone","","","","","","","","","","","","","","",""
"Ragemore","269420","0","0","0","1","0","0","0","0","0","0","0","3","","","","","","114538471","5.85158","6.97688","2.0645","4330","2665","thing","Ragemore","1","1","20","20","20","2020","1","1","12+","Moderate in-game text - needs crib sheet or paste ups","","","","","","standalone","","","","","","","","","","","","","","",""
"Raiders of the North Sea","170042","0","0","0","1","0","0","0","0","0","0","0","3","","","","","","114537000","7.49683","7.71758","2.5705","138","35520","thing","Raiders of the North Sea","2","4","80","80","60","2015","2,3,4","3","10+","Moderate in-game text - needs crib sheet or paste ups","","","","","","standalone","","","","","","","","","","","","","","",""
"Raiders of the North Sea: Fields of Fame","210164","0","0","0","1","0","0","0","0","0","0","0","3","","","","","","117173176","6.86163","8.01942","2.8246","0","10605","thing","Raiders of the North Sea: Fields of Fame","2","5","80","80","60","2018","2,3,4,5","3","10+","Moderate in-game text - needs crib sheet or paste ups","","","","","","expansion","","","","","","","","","","","","","","",""
"Raiders of the North Sea: Hall of Heroes","210163","0","0","0","1","0","0","0","0","0","0","0","3","","","","","","114579434","7.11174","8.2064","2.75","0","12165","thing","Raiders of the North Sea: Hall of Heroes","2","5","80","80","60","2018","2,3,4","3","10+","Some necessary text - easily memorized or small crib sheet","","","","","","expansion","","","","","","","","","","","","","","",""
"Railroad Ink: Deep Blue Edition","245654","0","0","0","1","0","0","0","0","0","0","0","3","","","","","","114536914","6.88577","7.13801","1.4691","643","23962","thing","Railroad Ink: Deep Blue Edition","1","6","30","30","20","2018","1,2,3,4,5,6","2","8+","No necessary in-game text","","","","","","standalone","","","","","","","","","","","","","","",""
"Rangers of Shadow Deep","264476","0","0","0","1","0","0","0","0","0","0","0","3","","","","","","114536155","5.98199","8.48052","2.2778","3336","1733","thing","Rangers of Shadow Deep","1","4","120","120","60","2018","1,2,3","1,2","10+","Moderate in-game text - needs crib sheet or paste ups","","","","","","standalone","","","","","","","","","","","","","","",""
"Red Rising","329465","0","0","0","1","0","0","0","0","0","0","0","3","","","","","","114535991","6.61843","6.95942","2.3088","1078","20042","thing","Red Rising","1","6","60","60","45","2021","1,2,3,4","3","12+","Extensive use of text - massive conversion needed to be playable","","","","","","standalone","","","","","","","","","","","","","","",""
"Regicide","307002","0","0","0","1","0","0","0","0","0","0","0","3","","","","","","114538384","6.96714","7.39153","1.9737","544","16909","thing","Regicide","1","4","30","30","10","2020","1,2,3,4","2","10+","No necessary in-game text","","","","","","standalone","","","","","","","","","","","","","","",""
"Rhino Hero","91514","0","0","0","1","0","0","0","0","0","0","0","3","","","","","","114537276","6.6243","6.88152","1.0201","1064","22356","thing","Rhino Hero","2","5","15","15","5","2011","2,3,4,5","3","4+","No necessary in-game text","","","","","","standalone","","","","","","","","","","","","","","",""
"Robinson Crusoe: Adventures on the Cursed Island","121921","0","0","0","1","0","0","0","0","0","0","0","3","","","","","","114535924","7.54057","7.71761","3.8265","121","77048","thing","Robinson Crusoe: Adventures on the Cursed Island","1","4","120","120","60","2012","1,2,3,4","1,2","12+","Extensive use of text - massive conversion needed to be playable","","","","","","standalone","","","","","","","","","","","","","","",""
"Robinson Crusoe: Adventures on the Cursed Island – Treasure Chest","304337","0","0","0","1","0","0","0","0","0","0","0","3","","","","","","114579461","6.04331","8.05211","3.4211","0","5463","thing","Robinson Crusoe: Adventures on the Cursed Island – Treasure Chest","1","4","120","120","60","2020","1,2","1,2","10+","Moderate in-game text - needs crib sheet or paste ups","","","","","","expansion","","","","","","","","","","","","","","",""
"Rolling Realms","305682","0","0","0","1","0","0","0","0","0","0","0","3","","","","","","114536828","6.58426","7.10566","2","1146","12283","thing","Rolling Realms","1","6","30","30","30","2021","1,2,3,4,5,6","1,2","10+","Some necessary text - easily memorized or small crib sheet","","","","","","standalone","","","","","","","","","","","","","","",""
"Santorini","194655","0","0","0","1","0","0","0","0","0","0","0","3","","","","","","114536564","7.18674","7.32815","1.7175","317","66689","thing","Santorini","2","4","20","20","20","2016","2,3","2","6+","No necessary in-game text","","","","","","standalone","","","","","","","","","","","","","","",""
"Sea Salt & Paper","367220","0","0","0","1","0","0","0","0","0","0","0","3","","","","","","118881870","7.27639","7.50803","1.4963","252","52230","thing","Sea Salt & Paper","2","4","45","45","30","2022","2,3,4","2","8+","No necessary in-game text","","","","","","standalone","","","","","","","","","","","","","","",""
"Sea Salt & Paper: Extra Salt","396545","0","0","0","1","0","0","0","0","0","0","0","3","","","","","","118881874","6.81983","7.77883","1.4355","0","16885","thing","Sea Salt & Paper: Extra Salt","2","4","45","45","30","2023","2,3,4","2","8+","No necessary in-game text","","","","","","expansion","","","","","","","","","","","","","","",""
"Set a Watch","228855","0","0","0","1","0","0","0","0","0","0","0","3","","","","","","114579537","6.54168","7.23652","2.4361","1240","9182","thing","Set a Watch","1","4","80","80","45","2019","1,2,3,4","1","10+","Extensive use of text - massive conversion needed to be playable","","","","","","standalone","","","","","","","","","","","","","","",""
"Set a Watch: Swords of the Coin","307386","0","0","0","1","0","0","0","0","0","0","0","3","","","","","","114537065","6.12004","7.62106","2.8571","2597","4207","thing","Set a Watch: Swords of the Coin","1","4","75","75","60","2021","1,2","1","12+","Extensive use of text - massive conversion needed to be playable","","","","","","standalone","","","","","","","","","","","","","","",""
"Seven Dragons","98085","0","0","0","1","0","0","0","0","0","0","0","3","","","","","","114536658","5.82786","6.27026","1.2925","4565","4240","thing","Seven Dragons","2","5","30","30","10","2011","2,3,4,5","4","6+","Some necessary text - easily memorized or small crib sheet","","","","","","standalone","","","","","","","","","","","","","","",""
"Shadows Over Normandie","162351","0","0","0","1","0","0","0","0","0","0","0","3","","","","","","114536812","5.68167","7.15186","2.9412","6807","2088","thing","Shadows Over Normandie","2","3","30","30","30","2015","2","2","14+","Moderate in-game text - needs crib sheet or paste ups","","","","","","standalone","","","","","","","","","","","","","","",""
"Shaun of the Dead Card Game","29702","0","0","0","1","0","0","0","0","0","0","0","3","","","","","","149973044","0","7.66667","4","0","14","thing","Shaun of the Dead Card Game","2","6","30","30","30","2007","","","","","","","","","","standalone","","","","","","","","","","","","","","",""
"The Shipwreck Arcana","220517","0","0","0","1","0","0","0","0","0","0","0","3","","","","","","149973153","6.75165","7.40768","2.2088","840","7111","thing","The Shipwreck Arcana","2","5","30","30","10","2017","2,3,4,5","3,4","10+","Moderate in-game text - needs crib sheet or paste ups","","","","","","standalone","","","","","","","","","","","","","","",""
"Siege of Valeria","345888","0","0","0","1","0","0","0","0","0","0","0","3","","","","","","114535508","5.86208","7.57631","2.2941","4234","1398","thing","Siege of Valeria","1","1","45","45","30","2022","1","1","10+","Extensive use of text - massive conversion needed to be playable","","","","","","standalone","","","","","","","","","","","","Daily Magic Games","English; French; German","2022","Multilingual edition"
"Siege of Valeria: Campaign","376030","0","0","0","1","0","0","0","0","0","0","0","3","","","","","","114579569","5.5694","7.77848","2","0","489","thing","Siege of Valeria: Campaign","1","1","45","45","30","2022","1","1","10+","Extensive use of text - massive conversion needed to be playable","","","","","","expansion","","","","","","","","","","","","","","",""
"Skies Above Britain","325096","0","0","0","1","0","0","0","0","0","0","0","3","","","","","","115758396","5.88552","8.64078","3.7333","4049","1463","thing","Skies Above Britain","1","1","120","120","20","2022","1","1","16+","Moderate in-game text - needs crib sheet or paste ups","","","","","","standalone","","","","","","","","","","","","","","",""
"Skoventyr","366322","0","0","0","1","0","0","0","0","0","0","0","3","","","","","","149973112","5.82569","7.31171","2.3077","4586","1308","thing","Skoventyr","1","4","30","30","15","2023","1,2","1","10+","Some necessary text - easily memorized or small crib sheet","","","","","","standalone","","","","","","","","","","","","","","",""
"Skull","92415","0","0","0","1","0","0","0","0","0","0","0","3","","","","","","114537688","7.00752","7.16596","1.1175","504","48583","thing","Skull","3","6","45","45","15","2011","3,4,5,6","5,6","8+","No necessary in-game text","","","","","","standalone","","","","","","","","","","","","","","",""
"Solar Storm","274037","0","0","0","1","0","0","0","0","0","0","0","3","","","","","","114537631","5.97858","6.94016","2.0667","3358","2749","thing","Solar Storm","1","4","60","60","30","2020","1,2,3,4","1","10+","Some necessary text - easily memorized or small crib sheet","","","","","","standalone","","","","","","","","","","","","","","",""
"Space Empires 4X","84419","0","0","0","1","0","0","0","0","0","0","0","3","","","","","","114535553","6.88652","7.72407","3.3687","642","8683","thing","Space Empires 4X","1","4","240","240","60","2011","1,2,3,4","2","12+","Some necessary text - easily memorized or small crib sheet","","","","","","standalone","","","","","","","","","","","","","","",""
"Space Empires: Close Encounters","113942","0","0","0","1","0","0","0","0","0","0","0","3","","","","","","114579625","6.11899","8.37532","3.4833","0","4112","thing","Space Empires: Close Encounters","1","4","180","180","180","2012","1,2,3,4","2,4","12+","Moderate in-game text - needs crib sheet or paste ups","","","","","","expansion","","","","","","","","","","","","","","",""
"Space Hulk (Third Edition)","54625","0","0","0","1","0","0","0","0","0","0","0","3","","","","","","114536892","6.9537","7.53577","2.7837","563","10390","thing","Space Hulk (Third Edition)","2","2","60","60","60","2009","2","2","12+","No necessary in-game text","","","","","","standalone","","","","","","","","","","","","","","",""
"Space Hulk: Death Angel – The Card Game","71721","0","0","0","1","0","0","0","0","0","0","0","3","","","","","","114536680","6.73625","7.00828","2.4141","861","24244","thing","Space Hulk: Death Angel – The Card Game","1","6","60","60","30","2010","1,2,3,4","1","12+","Extensive use of text - massive conversion needed to be playable","","","","","","standalone","","","","","","","","","","","","","","",""
"Space Hulk: Death Angel – The Card Game: Deathwing Space Marine Pack","120965","0","0","0","1","0","0","0","0","0","0","0","3","","","","","","114579706","5.91801","7.4522","2.3667","0","3236","thing","Space Hulk: Death Angel – The Card Game: Deathwing Space Marine Pack","1","6","30","30","30","2012","1,2,3,4","1","12+","Extensive use of text - massive conversion needed to be playable","","","","","","expansion","","","","","","","","","","","","","","",""
"Space Hulk: Death Angel – The Card Game: Mission Pack 1","94964","0","0","0","1","0","0","0","0","0","0","0","3","","","","","","114579668","6.07879","7.41438","2.1463","0","4722","thing","Space Hulk: Death Angel – The Card Game: Mission Pack 1","1","6","30","30","30","2011","1,2,3,4,5,6","1","8+","Extensive use of text - massive conversion needed to be playable","","","","","","expansion","","","","","","","","","","","","","","",""
"Space Hulk: Death Angel – The Card Game: Space Marine Pack 1","94963","0","0","0","1","0","0","0","0","0","0","0","3","","","","","","114579681","6.10008","7.41965","2.1463","0","4569","thing","Space Hulk: Death Angel – The Card Game: Space Marine Pack 1","1","6","30","30","30","2011","1,2,3,4,5,6","1","10+","Extensive use of text - massive conversion needed to be playable","","","","","","expansion","","","","","","","","","","","","","","",""
"Space Hulk: Death Angel – The Card Game: Tyranid Enemy Pack","115584","0","0","0","1","0","0","0","0","0","0","0","3","","","","","","114579717","5.96461","7.57333","2.3226","0","3525","thing","Space Hulk: Death Angel – The Card Game: Tyranid Enemy Pack","1","6","30","30","30","2011","1,2,3,4,5,6","1","10+","Unplayable in another language","","","","","","expansion","","","","","","","","","","","","","","",""
"Spicy","299169","0","0","0","1","0","0","0","0","0","0","0","3","","","","","","149973085","6.72939","7.14621","1.295","872","16491","thing","Spicy","2","6","20","20","15","2020","3,4,5,6","4,5","8+","No necessary in-game text","","","","","","standalone","","","","","","","","","","","","","","",""
"Spirit Island","162886","0","0","0","1","0","0","0","0","0","0","0","3","","","","","","114535966","8.14097","8.33916","4.0756","11","100568","thing","Spirit Island","1","4","120","120","90","2017","1,2,3,4","2","14+","Extensive use of text - massive conversion needed to be playable","","","","","","standalone","","","","","","","","","","","","","","",""
"Spirit Island: Branch & Claw","193065","0","0","0","1","0","0","0","0","0","0","0","3","","","","","","114579766","8.12351","8.98245","4.2372","0","31845","thing","Spirit Island: Branch & Claw","1","4","120","120","90","2017","1,2,3,4","2","14+","Extensive use of text - massive conversion needed to be playable","","","","","","expansion","","","","","","","","","","","","","","",""
"Spirit Island: Feather & Flame","356510","0","0","0","1","0","0","0","0","0","0","0","3","","","","","","114579804","6.93657","8.98917","4.551","0","9891","thing","Spirit Island: Feather & Flame","1","4","120","120","90","2022","1,2,3,4","2","14+","Unplayable in another language","","","","","","expansion","","","","","","","","","","","","","","",""
"Spirit Island: Jagged Earth","262722","0","0","0","1","0","0","0","0","0","0","0","3","","","","","","114579753","8.21041","9.32669","4.529","0","25366","thing","Spirit Island: Jagged Earth","1","6","120","120","90","2020","1,2,3,4,5","2,3","14+","Extensive use of text - massive conversion needed to be playable","","","","","","expansion","","","","","","","","","","","","","","",""
"Spirit Island: Nature Incarnate","365137","0","0","0","1","0","0","0","0","0","0","0","3","","","","","","114579792","7.27833","9.31961","4.4416","0","11678","thing","Spirit Island: Nature Incarnate","1","6","180","180","90","2023","1,2,3,4","2","14+","Extensive use of text - massive conversion needed to be playable","","","","","","expansion","","","","","","","","","","","","","","",""
"Sprawlopolis","251658","0","0","0","1","0","0","0","0","0","0","0","3","","","","","","114536501","6.95935","7.25997","1.7944","555","28840","thing","Sprawlopolis","1","4","20","20","15","2018","1,2","1","8+","Moderate in-game text - needs crib sheet or paste ups","","","","","","standalone","","","","","","","","","","","","","","",""
"Squirrel or Die","163983","0","0","0","1","0","0","0","0","0","0","0","3","","","","","","114537737","5.53528","6.22364","1","15763","506","thing","Squirrel or Die","2","4","20","20","20","2014","2,3,4","3","6+","No necessary in-game text","","","","","","standalone","","","","","","","","","","","","","","",""
"Star Realms","147020","0","0","0","1","0","0","0","0","0","0","0","3","","","","","","114536701","7.39649","7.54928","1.9111","178","72138","thing","Star Realms","2","2","20","20","20","2014","2","2","8+","Some necessary text - easily memorized or small crib sheet","","","","","","standalone","","","","","","","","","","","","","","",""
"Star Realms: Crisis – Bases & Battleships","166702","0","0","0","1","0","0","0","0","0","0","0","3","","","","","","149973097","6.55602","7.69248","1.963","0","10066","thing","Star Realms: Crisis – Bases & Battleships","2","6","20","0","20","2014","2,3,4","2","10+","Some necessary text - easily memorized or small crib sheet","","","","","","expansion","","","","","","","","","","","","","","",""
"Star Realms: Crisis – Bases & Battleships","166702","0","0","0","1","0","0","0","0","0","0","0","3","","","","","","149973130","6.55602","7.69248","1.963","0","10066","thing","Star Realms: Crisis – Bases & Battleships","2","6","20","0","20","2014","2,3,4","2","10+","Some necessary text - easily memorized or small crib sheet","","","","","","expansion","","","","","","","","","","","","","","",""
"Star Realms: Crisis – Fleets & Fortresses","166704","0","0","0","1","0","0","0","0","0","0","0","3","","","","","","149973103","6.50618","7.68532","1.98","0","9510","thing","Star Realms: Crisis – Fleets & Fortresses","2","6","20","0","20","2014","2,3,4","2","10+","Some necessary text - easily memorized or small crib sheet","","","","","","expansion","","","","","","","","","","","","","","",""
"Star Realms: Crisis – Fleets & Fortresses","166704","0","0","0","1","0","0","0","0","0","0","0","3","","","","","","149973132","6.50618","7.68532","1.98","0","9510","thing","Star Realms: Crisis – Fleets & Fortresses","2","6","20","0","20","2014","2,3,4","2","10+","Some necessary text - easily memorized or small crib sheet","","","","","","expansion","","","","","","","","","","","","","","",""
"Star Realms: Crisis – Heroes","166708","0","0","0","1","0","0","0","0","0","0","0","3","","","","","","149973106","6.21845","7.03134","1.9565","0","9918","thing","Star Realms: Crisis – Heroes","2","6","20","0","20","2014","2,3,4","2","8+","Some necessary text - easily memorized or small crib sheet","","","","","","expansion","","","","","","","","","","","","","","",""
"Star Realms: Crisis – Heroes","166708","0","0","0","1","0","0","0","0","0","0","0","3","","","","","","149973135","6.21845","7.03134","1.9565","0","9918","thing","Star Realms: Crisis – Heroes","2","6","20","0","20","2014","2,3,4","2","8+","Some necessary text - easily memorized or small crib sheet","","","","","","expansion","","","","","","","","","","","","","","",""
"Star Realms: Frontiers","230253","0","0","0","1","0","0","0","0","0","0","0","3","","","","","","149973157","7.1849","7.90162","1.8766","319","16209","thing","Star Realms: Frontiers","1","4","45","45","20","2018","1,2,3,4","2","10+","Moderate in-game text - needs crib sheet or paste ups","","","","","","standalone","","","","","","","","","","","","","","",""
"Star Realms: High Alert – Heroes","287286","0","0","0","1","0","0","0","0","0","0","0","3","","","","","","149973055","5.61558","7.33729","1.6667","0","1842","thing","Star Realms: High Alert – Heroes","2","4","20","20","20","2021","2,3","2","","","","","","","","expansion","","","","","","","","","","","","","","",""
"Star Realms: United – Heroes","202247","0","0","0","1","0","0","0","0","0","0","0","3","","","","","","149973041","5.86003","7.29038","1.8","0","4433","thing","Star Realms: United – Heroes","2","2","20","0","20","2016","2","2","12+","Some necessary text - easily memorized or small crib sheet","","","","","","expansion","","","","","","","","","","","","","","",""
"Star Realms: United – Heroes","202247","0","0","0","1","0","0","0","0","0","0","0","3","","","","","","149973042","5.86003","7.29038","1.8","0","4433","thing","Star Realms: United – Heroes","2","2","20","0","20","2016","2","2","12+","Some necessary text - easily memorized or small crib sheet","","","","","","expansion","","","","","","","","","","","","","","",""
"Stew","242324","0","0","0","1","0","0","0","0","0","0","0","3","","","","","","114538356","5.81941","6.60726","1.1905","4646","2630","thing","Stew","2","4","20","20","10","2018","2,3","2","8+","Some necessary text - easily memorized or small crib sheet","","","","","","standalone","","","","","","","","","","","","","","",""
"Sushi Go Party!","192291","0","0","0","1","0","0","0","0","0","0","0","3","","","","","","114537308","7.21482","7.36859","1.3285","289","76932","thing","Sushi Go Party!","2","8","20","20","20","2016","3,4,5,6,7,8","4,5","8+","Some necessary text - easily memorized or small crib sheet","","","","","","standalone","","","","","","","","","","","","","","",""
"Tak","197405","0","0","0","1","0","0","0","0","0","0","0","3","","","","","","114536226","6.60842","7.57103","2.4217","1099","6403","thing","Tak","2","2","60","60","20","2017","2","2","8+","No necessary in-game text","","","","","","standalone","","","","","","","","","","","","","","",""
"Talisman: Revised 4th Edition","27627","0","0","0","1","0","0","0","0","0","0","0","3","","","","","","114536784","6.22598","6.50756","2.171","2161","25738","thing","Talisman: Revised 4th Edition","2","6","90","90","90","2007","2,3,4,5,6","4","8+","Extensive use of text - massive conversion needed to be playable","","","","","","standalone","","","","","","","","","","","","","","",""
"Tank Chess","210113","0","0","0","1","0","0","0","0","0","0","0","3","","","","","","114537646","5.62387","7.46221","2.4","8458","584","thing","Tank Chess","2","2","50","50","10","2016","2","2","8+","No necessary in-game text","","","","","","standalone","","","","","","","","","","","","","","",""
"Tetrarchia","183315","0","0","0","1","0","0","0","0","0","0","0","3","","","","","","114535595","5.99745","7.50291","2.2041","3228","1880","thing","Tetrarchia","1","5","40","40","20","2015","1,2,4","1","12+","No necessary in-game text","","","","","","standalone","","","","","","","","","","","","","","",""
"Ticket to Ride: Europe","14996","0","0","0","1","0","0","0","0","0","0","0","3","","","","","","114536554","7.39289","7.52235","1.9149","180","140627","thing","Ticket to Ride: Europe","2","5","60","60","30","2005","2,3,4,5","4","8+","No necessary in-game text","","","","","","standalone","","","","","","","","","","","","","","",""
"Tiny Epic Defenders (Second Edition)","238656","0","0","0","1","0","0","0","0","0","0","0","3","","","","","","114537332","6.11787","6.90482","2.05","2604","5730","thing","Tiny Epic Defenders (Second Edition)","1","4","60","60","30","2018","1,2,3,4","1","10+","Moderate in-game text - needs crib sheet or paste ups","","","","","","standalone","","","","","","","","","","","","","","",""
"Tiny Epic Defenders: The Dark War","228935","0","0","0","1","0","0","0","0","0","0","0","3","","","","","","114579910","5.84768","7.38547","2.5385","0","4324","thing","Tiny Epic Defenders: The Dark War","1","4","60","60","20","2018","1,2,3,4","1","10+","Moderate in-game text - needs crib sheet or paste ups","","","","","","expansion","","","","","","","","","","","","","","",""
"Tiny Epic Dungeons","331787","0","0","0","1","0","0","0","0","0","0","0","3","","","","","","114536747","6.74093","7.43241","3.1131","851","17887","thing","Tiny Epic Dungeons","1","4","60","60","30","2021","1,2,3,4","1,2","12+","No necessary in-game text","","","","","","standalone","","","","","","","","","","","","","","",""
"Tiny Epic Dungeons: Stories","334888","0","0","0","1","0","0","0","0","0","0","0","3","","","","","","114579937","6.15153","7.80123","2.8333","0","10388","thing","Tiny Epic Dungeons: Stories","1","4","180","180","90","2021","1,2,3,4","1,2","10+","Some necessary text - easily memorized or small crib sheet","","","","","","expansion","","","","","","","","","","","","","","",""
"Tiny Epic Galaxies","163967","0","0","0","1","0","0","0","0","0","0","0","3","","","","","","114537183","7.09314","7.31679","2.1533","403","42189","thing","Tiny Epic Galaxies","1","5","45","45","30","2015","1,2,3,4","3","10+","Moderate in-game text - needs crib sheet or paste ups","","","","","","standalone","","","","","","","","","","","","","","",""
"Tiny Epic Galaxies: Beyond the Black","200544","0","0","0","1","0","0","0","0","0","0","0","3","","","","","","114579954","6.5857","7.71739","2.6944","0","12436","thing","Tiny Epic Galaxies: Beyond the Black","1","5","45","45","30","2017","1,2,3,4","3","12+","Moderate in-game text - needs crib sheet or paste ups","","","","","","expansion","","","","","","","","","","","","","","",""
"Tussie Mussie","257614","0","0","0","1","0","0","0","0","0","0","0","3","","","","","","114538656","6.44067","6.88851","1.1497","1493","12711","thing","Tussie Mussie","2","4","30","30","20","2019","1,2,3,4","2","8+","Moderate in-game text - needs crib sheet or paste ups","","","","","","standalone","","","","","","","","","","","","","","",""
"Twilight Inscription","361545","0","0","0","1","0","0","0","0","0","0","0","3","","","","","","114535838","6.77891","7.39657","3.2356","797","12178","thing","Twilight Inscription","1","8","120","120","90","2022","1,2,3,4,5,6","3,4","12+","Moderate in-game text - needs crib sheet or paste ups","","","","","","standalone","","","","","","","","","","","","","","",""
"Tyrants of the Underdark: Board Game","336847","0","0","0","1","0","0","0","0","0","0","0","3","","","","","","114535895","7.07437","8.229","2.4486","0","7102","thing","Tyrants of the Underdark: Board Game","2","4","90","90","90","2021","2,3,4","4","12+","Moderate in-game text - needs crib sheet or paste ups","","","","","","standalone","","","","","","","","","","","","","","",""
"Ugly Gryphon Inn","322709","0","0","0","1","0","0","0","0","0","0","0","3","","","","","","114538030","5.98085","6.74911","1.625","3345","5027","thing","Ugly Gryphon Inn","1","1","20","20","20","2021","1","1","10+","Moderate in-game text - needs crib sheet or paste ups","","","","","","standalone","","","","","","","","","","","","","","",""
"Unbroken","225885","0","0","0","1","0","0","0","0","0","0","0","3","","","","","","114537020","5.93353","6.24062","1.8702","3658","6326","thing","Unbroken","1","1","30","30","20","2018","1","1","8–14","Extensive use of text - massive conversion needed to be playable","","","","","","standalone","","","","","","","","","","","","","","",""
"Undaunted 2200: Callisto","401978","0","0","0","1","0","0","0","0","0","0","0","3","","","","","","149973062","6.12488","7.68474","2.8","2570","3629","thing","Undaunted 2200: Callisto","1","4","60","60","45","2024","1,2,4","2","12+","Some necessary text - easily memorized or small crib sheet","","","","","","standalone","","","","","","","","","","","","","","",""
"Undaunted: Normandy","268864","0","0","0","1","0","0","0","0","0","0","0","3","","","","","","114535733","7.38541","7.75827","2.2727","184","27218","thing","Undaunted: Normandy","2","2","60","60","45","2019","2","2","12+","Some necessary text - easily memorized or small crib sheet","","","","","","standalone","","","","","","","","","","","","","","",""
"Undaunted: North Africa","290359","0","0","0","1","0","0","0","0","0","0","0","3","","","","","","114535743","6.93493","7.73905","2.3519","590","14247","thing","Undaunted: North Africa","2","2","60","60","45","2020","2","2","10+","Some necessary text - easily memorized or small crib sheet","","","","","","standalone","","","","","","","","","","","","","","",""
"Under Falling Skies","306735","0","0","0","1","0","0","0","0","0","0","0","3","","","","","","114537865","7.24742","7.58819","2.3966","266","31127","thing","Under Falling Skies","1","1","40","40","20","2020","1","1","10+","Moderate in-game text - needs crib sheet or paste ups","","","","","","standalone","","","","","","","","","","","","","","",""
"Unstoppable","420498","0","0","0","1","0","0","0","0","0","0","0","3","","","","","","149973079","6.82926","8.34223","2.974","730","6093","thing","Unstoppable","1","2","90","90","30","2025","1,2","1","14+","Extensive use of text - massive conversion needed to be playable","","","","","","standalone","","","","","","","","","","","","","","",""
"Unstoppable: Tyrant's End","430916","0","0","0","1","0","0","0","0","0","0","0","3","","","","","","149973142","5.7459","8.35143","0","0","2295","thing","Unstoppable: Tyrant's End","1","2","90","90","30","2025","","","","","","","","","","expansion","","","","","","","","","","","","","","",""
"Vaalbara","361241","0","0","0","1","0","0","0","0","0","0","0","3","","","","","","149973123","6.39158","7.14794","1.7162","1630","4639","thing","Vaalbara","2","5","20","20","20","2023","2,3,4,5","4","10+","Moderate in-game text - needs crib sheet or paste ups","","","","","","standalone","","","","","","","","","","","","Studio H","English","2023","English edition"
"Villages of Valeria","180040","0","0","0","1","0","0","0","0","0","0","0","3","","","","","","149973149","6.33391","6.96499","2.3068","1781","5997","thing","Villages of Valeria","1","5","60","60","30","2017","1,2,3,4","3","10+","Some necessary text - easily memorized or small crib sheet","","","","","","standalone","","","","","","","","","","","","","","",""
"War Chest","249259","0","0","0","1","0","0","0","0","0","0","0","3","","","","","","114538092","7.38915","7.81769","2.3129","183","18799","thing","War Chest","2","4","30","30","30","2018","2,4","2","10+","Some necessary text - easily memorized or small crib sheet","","","","","","standalone","","","","","","","","","","","","","","",""
"Warhammer Quest: The Adventure Card Game","181521","0","0","0","1","0","0","0","0","0","0","0","3","","","","","","114536304","6.68872","7.303","2.7426","942","10895","thing","Warhammer Quest: The Adventure Card Game","1","4","60","60","30","2015","1,2,3,4","4","12+","Extensive use of text - massive conversion needed to be playable","","","","","","standalone","","","","","","","","","","","","","","",""
"Warp's Edge","296237","0","0","0","1","0","0","0","0","0","0","0","3","","","","","","114537167","6.86969","7.6296","2.3875","662","11450","thing","Warp's Edge","1","1","45","45","30","2020","1","1","10+","Moderate in-game text - needs crib sheet or paste ups","","","","","","standalone","","","","","","","","","","","","","","",""
"Warp's Edge: Anomaly","357008","0","0","0","1","0","0","0","0","0","0","0","3","","","","","","114580016","5.74645","7.79091","2.5556","0","2706","thing","Warp's Edge: Anomaly","1","1","45","45","30","2022","1","1","14+","Moderate in-game text - needs crib sheet or paste ups","","","","","","expansion","","","","","","","","","","","","","","",""
"The Wars of Marcus Aurelius","217609","0","0","0","1","0","0","0","0","0","0","0","3","","","","","","149973049","5.70161","7.52892","2.4286","6382","656","thing","The Wars of Marcus Aurelius","1","1","90","90","30","2018","1","1","16+","Extensive use of text - massive conversion needed to be playable","","","","","","standalone","","","","","","","","","","","","","","",""
"Welcome to the Dungeon","150312","0","0","0","1","0","0","0","0","0","0","0","3","","","","","","149973129","6.36632","6.52308","1.2345","1692","27810","thing","Welcome to the Dungeon","2","4","30","30","30","2013","2,3,4","3","8+","Some necessary text - easily memorized or small crib sheet","","","","","","standalone","","","","","","","","","","","","","","",""
"The White Castle","371942","0","0","0","1","0","0","0","0","0","0","0","3","","","","","","149973104","7.69585","7.97613","3.0726","72","42617","thing","The White Castle","1","4","80","80","80","2023","1,2,3,4","3","12+","No necessary in-game text","","","","","","standalone","","","","","","","","","","","","","","",""
"Wings of Glory: WW2 Battle of Britain Starter Set","216710","0","0","0","1","0","0","0","0","0","0","0","3","","","","","","114536080","5.67793","8.03251","2.125","6895","621","thing","Wings of Glory: WW2 Battle of Britain Starter Set","1","99","45","45","30","2017","2,3,4,5,6,7,8,10,12,14,16,18,20","6,8","6+","Moderate in-game text - needs crib sheet or paste ups","","","","","","standalone","","","","","","","","","","","","","","",""
"Wingspan","266192","0","0","0","1","0","0","0","0","0","0","0","3","","","","","","114536424","7.84009","7.99371","2.48","38","185642","thing","Wingspan","1","5","70","70","40","2019","1,2,3,4","3","10+","Extensive use of text - massive conversion needed to be playable","","","","","","standalone","","","","","","","","","","","","","","",""
"Wingspan Asia","366161","0","0","0","1","0","0","0","0","0","0","0","3","","","","","","114580063","7.639","8.20956","2.6424","89","36398","thing","Wingspan Asia","1","2","70","70","40","2022","1,2","2","10+","Extensive use of text - massive conversion needed to be playable","","","","","","standalone","","","","","","","","","","","","","","",""
"Wingspan: European Expansion","290448","0","0","0","1","0","0","0","0","0","0","0","3","","","","","","114580051","7.92192","8.3231","2.4328","0","63342","thing","Wingspan: European Expansion","1","5","70","70","40","2019","1,2,3,4,5","3","10+","Extensive use of text - massive conversion needed to be playable","","","","","","expansion","","","","","","","","","","","","","","",""
"Wingspan: Oceania Expansion","300580","0","0","0","1","0","0","0","0","0","0","0","3","","","","","","114580038","7.92647","8.44897","2.67","0","52180","thing","Wingspan: Oceania Expansion","1","5","70","70","40","2020","1,2,3,4,5","3","10+","Extensive use of text - massive conversion needed to be playable","","","","","","expansion","","","","","","","","","","","","","","",""
"Word Mastermind","5662","0","0","0","1","0","0","0","0","0","0","0","3","","","","","","114536542","5.48594","5.24551","1.6","29121","517","thing","Word Mastermind","2","2","10","10","10","1972","","","","No necessary in-game text","","","","","","standalone","","","","","","","","","","","","","","",""
"Zombie Dice","62871","0","0","0","1","0","0","0","0","0","0","0","3","","","","","","114537596","6.07778","6.2294","1.092","2807","38277","thing","Zombie Dice","2","99","20","20","10","2010","2,3,4,5,6,7,8","4,5","6+","No necessary in-game text","","","","","","standalone","","","","","","","","","","","","","","",""
"Zombie Fluxx","29387","0","0","0","1","0","0","0","0","0","0","0","3","","","","","","114537426","5.78131","5.9903","1.434","5092","15223","thing","Zombie Fluxx","2","6","40","40","10","2007","2,3,4,5,6","4","8+","Extensive use of text - massive conversion needed to be playable","","","","","","standalone","","","","","","","","","","","","","","",""
